en,ar
**(Arab Pharmacists Association)**,**(اتحاد الصيدليين العرب)**
**(Council of Arab Health Ministers)**,**(مجلس وزراء الصحة العرب)**
**1 tablet 3 times/day**,**قرص واحد ٣ مرات يوميًا**
"**2 blisters, each contains 10 tablets/carton box**",**علبتان من البليستر، كل منهما يحتوي على ١٠ أقراص/علبة كرتون**
**66% of the dose was recovered in urine (36% as unchanged drug) and 7% in feces**,**تم استعادة ٦٦٪ من الجرعة في البول (٣٦٪ على شكل دواء غير متغير) و٧٪ في البراز**
"**99.7% of diclofenac is bound to serum proteins, mainly to albumin**",**ترتبط ٩٩.٧٪ من ديكلوفيناك ببروتينات المصل، خاصة الألبومين**
**A medicament is a product which affects your health**,**الدواء منتج يؤثر على صحتك**
"**A medicament is a product which affects your health, and its consumption contrary to instructions is dangerous for you**",**الدواء منتج يؤثر على صحتك، واستخدامه خلاف التعليمات يعرضك للخطر**
**A total daily dose of 400 mg should not be exceeded**,**يجب عدم تجاوز الجرعة اليومية الإجمالية ٤٠٠ ملغ**
**Absorption of diclofenac from Fast-Vol sets in immediately after administration**,**يبدأ امتصاص ديكلوفيناك من فاست فول فورًا بعد الإعطاء**
**Absorption**,**الامتصاص**
**Absorption: The absolute bioavailability of Rivaroxaban is dose-dependent**,**الامتصاص: التوافر الحيوي المطلق لريفاروكسبان يعتمد على الجرعة**
"**Absorption: Well absorbed after oral administration, with peak plasma concentrations within 3-5 hours**",**الامتصاص: يمتص بشكل جيد بعد التناول عن طريق الفم، مع وصول التركيز الأقصى في البلازما خلال ٣-٥ ساعات**
**ACE Inhibitors (Angiotensin-Converting Enzyme Inhibitors)**,**مثبطات الإنزيم المحول للأنجيوتنسين**
**Activated Charcoal**,**الفحم المنشط**
"**Active gastric or intestinal ulcer, bleeding or perforation**",**قرحة معدية أو معوية نشطة، نزف أو انثقاب**
**Active Metabolite**,**مستقلب فعال**
**Active or history of recurrent peptic ulcer/haemorrhage**,**قرحة هضمية نشطة أو تاريخ من النزف أو الانثقاب المتكرر**
**Active pathological bleeding**,**نزف مرضى نشط**
**Active peptic ulceration or past history of ulceration or dyspepsia**,**قرحة هضمية نشطة أو تاريخ سابق من القرحة أو عسر الهضم**
**Acute attacks of gout**,**نوبات حادة من النقرس**
**Acute treatment of manic and mixed episodes associated with Bipolar I Disorder**,**العلاج الحاد للحالات الهوسية والمختلطة المرتبطة باضطراب ثنائي القطب من النوع الأول**
**Adjunctive treatment of major depressive disorder**,**العلاج المساعد لاضطراب الاكتئاب الرئيسي**
**Adnexitis**,**التهاب الملحقات**
**Adults and children over 12 years: 50-100 mg 3-4 times daily**,**البالغون والأطفال فوق ١٢ سنة: ٥٠-١٠٠ ملغ ٣-٤ مرات يوميًا**
"**Adverse reactions: Cardiovascular regulation (palpitation, tachycardia, postural hypotension or cardiovascular collapse)**",**الآثار الجانبية: تنظيم القلب والأوعية (خفقان، تسارع القلب، انخفاض ضغط الدم الوضعي أو وهط قلب وعائي)**
"**Adverse reactions: Diarrhea, sweating, pruritus, rash, urticaria, fatigue**",**الآثار الجانبية: إسهال، تعرق، حكة، طفح جلدي، شرى، إرهاق**
"**Adverse reactions: Gastrointestinal irritation (a feeling of pressure in the stomach, bloating)**",**الآثار الجانبية: تهيج الجهاز الهضمي (شعور بالضغط في المعدة، انتفاخ)**
"**Adverse reactions: Palpitation, tachycardia, hypotension, dizziness, headache, somnolence, nausea, vomiting, constipation, dry mouth**",**الآثار الجانبية: خفقان، تسارع القلب، انخفاض ضغط الدم، دوخة، صداع، نعاس، غثيان، قيء، إمساك، جفاف الفم**
"**Adverse Reactions: Palpitation, tachycardia, hypotension, dizziness, headache, somnolence, nausea, vomiting, constipation, dry mouth, diarrhea, sweating, pruritus, rash, urticaria, fatigue**",**الآثار الجانبية: خفقان، تسارع القلب، انخفاض ضغط الدم، دوخة، صداع، نعاس، غثيان، قيء، إمساك، جفاف الفم، إسهال، تعرق، حكة، طفح جلدي، شرى، إرهاق**
**AGILOMOX (Paracetamol 500 mg + Diclofenac Potassium 50 mg) (Tablets)**,**أجيلوموكس (باراسيتامول ٥٠٠ ملغ + ديكلوفيناك بوتاسيوم ٥٠ ملغ) (أقراص)**
**AGILOMOX**,**أجيلوموكس**
**Agomelatine is a melatonergic agonist (MT1 and MT2 receptors) and 5-HT2C antagonist**,**أجوميلاتين هو محفز للمستقبلات الميلاتونينية (MT1 و MT2) ومضاد للمستقبلات 5-HT2C**
**Agomelatine**,**أجوميلاتين**
**Agranulocytosis**,**نقص الكريات المحببة**
**Akathisia**,**أكاثيزيا (اضطراب حركي)**
**Alcoholics**,**مدمنو الكحول**
**Allergic Reactions**,**ردود فعل تحسسية**
**Analgesics (for pain relief)**,**مسكنات الألم**
**Analgesics**,**مسكنات الألم**
**Anaphylaxis**,**صدمة تحسسية**
**Anti-bacterial**,**مضاد بكتيري**
"**Anti-bacterial, Gingivitis**",**مضاد بكتيري، التهاب اللثة**
**Anti-inflammatory**,**مضادات الالتهاب**
**ANTI-TUSSIVE (Oxomemazine 1.65 mg + Paracetamol 33.3 mg + Sodium benzoate 33.3 mg + Guaifenesin 33.3 mg)**,**مضاد السعال (أوكسوميمازين ١.٦٥ ملغ + باراسيتامول ٣٣.٣ ملغ + بنزوات الصوديوم ٣٣.٣ ملغ + غوايفينيسين ٣٣.٣ ملغ)**
**ANTI-TUSSIVE**,**مضاد السعال**
**Antibacterial**,**مضاد للبكتيريا**
**Antibiotics**,**مضادات حيوية**
**Anticoagulant**,**مضاد تخثر**
**Antidepressants**,**مضادات الاكتئاب**
**Antidiabetic**,**مضاد السكري**
**Antihistamines**,**مضادات هيستامين**
**Antihypertensive Drugs**,**أدوية خافضة لضغط الدم**
**Antihypertensives**,**أدوية خافضة لضغط الدم**
**Antioxidant**,**مضاد للأكسدة**
**Antioxidants**,**مضادات الأكسدة**
**Antipsychotics**,**مضادات الذهان**
**Arab Pharmacists Association**,**اتحاد الصيدليين العرب**
**Area Under Curve (AUC)**,**مساحة تحت المنحنى**
"**ARIPIPRAZOLE (10 mg, 15 mg) (Tablets)**",**أريبيبرازول (١٠ ملغ، ١٥ ملغ) (أقراص)**
**Aripiprazole exhibits partial agonist activity at D2 and 5-HT1A receptors and antagonist activity at 5-HT2A receptors**,**أريبيبرازول يُظهر نشاطًا محفزًا جزئيًا للمستقبلات D2 و5-HT1A ونشاطًا مضادًا للمستقبلات 5-HT2A**
**ARIPIPRAZOLE HAMA PHARMA**,**أريبيبرازول حماة فارما**
**Aripiprazole**,**أريبيبرازول**
**Armodafinil**,**أرمودافينيل**
**Aspiration Pneumonia**,**التهاب رئوي استشاقي**
**Aspirin appears rapidly in all body tissues. It crosses the placenta and appears in breast milk**,**يظهر الأسبرين بسرعة في جميع أنسجة الجسم. يعبر المشيمة ويظهر في حليب الثدي**
**Atypical Antipsychotics**,**مضادات ذهان غير نمطية**
**Autistic Disorder**,**اضطراب التوحد**
**Avoid concomitant use of Rivaroxaban with combined P-gp and strong CYP3A4 inhibitors**,**تجنب الاستخدام المتزامن لريفاروكسبان مع مثبطات P-gp القوية وCYP3A4**
**Avoid concomitant use of Rivaroxaban with drugs that are combined P-gp and strong CYP3A4 inducers**,**تجنب الاستخدام المتزامن لريفاروكسبان مع الأدوية التي هي مثبطات P-gp القوية ومحفزات CYP3A4**
**Avoid concomitant use with other NSAIDs**,**تجنب الاستخدام المتزامن مع مضادات الالتهاب غير الستيرويدية الأخرى**
**Avoid using omeprazole or esomeprazole with clopidogrel**,**تجنب استخدام أوميبرازول أو إيزوميبرازول مع كلوبيدوغريل**
**Benzodiazepines**,**بنزوديازيبينات**
**Bioavailability of diclofenac is 82% of that achieved with gastro-resistant tablets**,**التوافر الحيوي لديكلوفيناك هو ٨٢٪ من ذلك الذي يتم تحقيقه مع الأقراص المقاومة للمعدة**
**Bioavailability**,**التوافر الحيوي**
**Bioavailability: 87%**,**التوافر الحيوي: ٨٧٪**
**Bipolar Disorder**,**اضطراب ثنائي القطب**
**Blood-Brain Barrier**,**حاجز دم-دماغ**
**Body Temperature Regulation**,**تنظيم درجة حرارة الجسم**
**Body Weight Gain**,**زيادة الوزن**
**Bradycardia**,**بطء القلب**
**Breast Milk**,**حليب الثدي**
**Buprenorphine**,**بوبرينورفين**
**Bupropion**,**بوبروبيون**
**Calcium Channel Blockers**,**حاصر قنوات الكالسيوم**
**Carbamazepine**,**كاربامازيبين**
**Cardiovascular Collapse**,**وهط قلب وعائي**
**Cardiovascular disease**,**أمراض قلبية وعائية**
**Care should be taken and the risk/benefit of treatment determined prior to administration**,**يجب توخي الحذر وتحديد المخاطر/فوائد العلاج قبل إعطاء الدواء**
**Carnauba Wax**,**شمع كارناوبا**
**Carton Box**,**علبة كرتون**
**Caution should be exercised during concomitant treatment with tramadol and coumarin derivatives (e.g. warfarin)**,**يجب توخي الحذر أثناء العلاج المتزامن بترامادول ومشتقات الكومارين (مثل وارفارين)**
**Central Acting Analgesic**,**مسكن ألم مركزي التأثير**
**Cerebrovascular Adverse Events**,**أحداث قلبية وعائية سلبية**
"**Cerebrovascular adverse events, including stroke**",**أحداث قلبية وعائية سلبية، بما في ذلك السكتة الدماغية**
**Cerebrovascular Disease**,**أمراض دماغية وعائية**
"**Chemical composition: Paracetamol 500 mg, Diclofenac Potassium 50 mg**",**التركيب الكيميائي: باراسيتامول ٥٠٠ ملغ، ديكلوفيناك بوتاسيوم ٥٠ ملغ**
**Children under 12 years: Not recommended**,**الأطفال تحت ١٢ سنة: غير موصى به**
**Children under the age of 14 years**,**الأطفال تحت سن ١٤ عام**
**Cimetidine**,**سيميتيدين**
**Clopidogrel (as Hydrogen Sulphate) 75 mg / Aspirin 100 mg**,**كلوبيدوغريل (على شكل كبريتات الهيدروجين) ٧٥ ملغ / أسبرين ١٠٠ ملغ**
**Clopidogrel (as Hydrogen Sulphate) 75 mg / Aspirin 150 mg**,**كلوبيدوغريل (على شكل كبريتات الهيدروجين) ٧٥ ملغ / أسبرين ١٥٠ ملغ**
**Clopidogrel (as Hydrogen Sulphate) 75 mg / Aspirin 75 mg**,**كلوبيدوغريل (على شكل كبريتات الهيدروجين) ٧٥ ملغ / أسبرين ٧٥ ملغ**
**Clopidogrel (as Hydrogen Sulphate)**,**كلوبيدوغريل (على شكل كبريتات الهيدروجين)**
**Clopidogrel is extensively metabolized by two main metabolic pathways**,**يستقلب كلوبيدوغريل بشكل واسع عبر مسارين استقلابين رئيسيين**
**Clopidogrel is rapidly absorbed. Absorption is at least 50%**,**يمتص كلوبيدوغريل بسرعة. الامتصاص لا يقل عن ٥٠٪**
**Clopidogrel selectively inhibits the binding of adenosine diphosphate (ADP) to its platelet receptor**,**يثبط كلوبيدوغريل بشكل انتقائي ارتباط ثنائي فوسفات الأدينوزين (ADP) بمستقبلاته على الصفيحات**
**Close medical surveillance is imperative in patients with symptoms indicative of gastrointestinal disorders**,**المراقبة الطبية الدقة ضرورية للمرضى الذين تظهر عليهم أعراض اضطرابات معدية معوية**
**CLOZAPINE HAMA PHARMA (Tablets)**,**كلوزابين هاما فارما (أقراص)**
**CLOZAPINE HAMA PHARMA**,**كلوزابين حماة فارما**
**Clozapine**,**كلوزابين**
**CNS Depressants**,**مثبطات الجهاز العصبي المركزي**
**Coadministration with food increases the bioavailability (mean AUC and Cmax increasing by 39% and 76%)**,**الإعطاء المتزامن مع الطعام يزيد التوافر الحيوي (متوسط AUC وCmax يزدادان بنسبة ٣٩٪ و٧٦٪)**
**Cognitive and Motor Impairment**,**إعاقة معرفية وحركية**
**Composition & Excipients: Each film-coated tablet contains...**,**التركيب والسواغات: يحوي كل قرص ملبس بالفيلم على...**
**Composition and Excipients: Each tablet contains 10 mg or 15 mg of aripiprazole**,**التركيب والسواغات: يحوي كل قرص على ١٠ ملغ أو ١٥ ملغ من أريبيبرازول**
**Composition: Each film-coated tablet contains Tramadol Hydrochloride 50 mg**,**التركيب: يحوي كل قرص ملبس بالفيلم على ترامادول هيدروكلوريد ٥٠ ملغ**
**Composition: Paracetamol 500 mg + Diclofenac Potassium 50 mg**,**التركيب: باراسيتامول ٥٠٠ ملغ + ديكلوفيناك بوتاسيوم ٥٠ ملغ**
"**Concomitant administration of enoxaparin, warfarin, aspirin, clopidogrel and chronic NSAID use may increase the risk of bleeding**",**الإعطاء المتزامن لإينوكسابارين، وارفارين، أسبرين، كلوبيدوغريل واستخدام مزمن لمضادات الالتهاب غير الستيرويدية قد يزيد خطر النزف**
**Concomitant administration of Tramadol with other centrally depressant medicinal products including alcohol may potentiate the CNS effects**,**الإعطاء المتزامن لترامادول مع منتجات طبية مثبطة للجهاز العصبي المركزي بما في ذلك الكحول قد يزيد من آثار الجهاز العصبي المركزي**
**Concurrent anticoagulant therapy**,**العلاج المتزامن بمضادات التخثر**
**Contraindications**,**مضادات الاستطباب**
**Contraindications: Acute intoxication with central nervous system depressants**,**مضادات الاستطباب: التسمم الحاد بمثبطات الجهاز العصبي المركزي**
**Contraindications: Hypersensitivity to the active substance or any of the other ingredients**,**مضادات الاستطباب: فرط الحساسية للمادة الفعالة أو أي من المكونات الأخرى**
"**Contraindications: Hypersensitivity, Acute intoxication with CNS depressants, MAO inhibitors, Severe hepatic/renal/respiratory impairment, Epilepsy, Breastfeeding (long-term)**",**مضادات الاستطباب: فرط الحساسية، التسمم الحاد بمثبطات الجهاز العصبي المركزي، مثبطات مونوأمين أوكسيداز، قصور كبدي/كلوي/تنفسي شديد، صرع، الإرضاع (طويل الأمد)**
"**Contraindications: MAO inhibitors, Severe hepatic/renal/respiratory impairment, Epilepsy**",**مضادات الاستطباب: مثبطات مونوأمين أوكسيداز، قصور كبدي/كلوي/تنفسي شديد، صرع**
**Contraindications: Severe hepatic impairment**,**مضادات الاستطباب: قصور كبدي شديد**
**Corn Starch**,**نشاء الذرة**
**Coronal Ischemia**,**نقص تروية الشريان التاجي**
**Coumarin Derivatives (Warfarin)**,**مشتقات الكومارين (وارفارين)**
**Council of Arab Health Ministers**,**مجلس وزراء الصحة العرب**
**CYP2C19 poor metabolizer status is associated with diminished antiplatelet response to clopidogrel**,**حالة الاستقلاب السيئة لـ CYP2C19 ترتبط باستجابة مضادة للصفيحات ضعيفة لكلوبيدوغريل**
**Decongestant**,**مزيل احتقان**
**Decongestants**,**مزيلات الاحتقان**
**Decreased formation of thromboxane A2**,**انخفاض تكوين الثرومبوكسان A2**
**Decreased Level of Consciousness**,**انخفاض مستوى الوعي**
**Decreases thrombin generation**,**يقلل من توليد الثرومبين**
**Dementia-Related Psychosis**,**ذهان مرتبط بالخرف**
**Depression / Major Depressive Disorder**,**اكتئاب / اضطراب اكتئابي كبير**
**Diazepam**,**ديازيبام**
**Diclofenac Potassium is a potent inhibitor of prostaglandin biosynthesis**,**ديكلوفيناك بوتاسيوم هو مثبط قوي لتخليق البروستاغلاندين**
**Diclofenac Potassium**,**ديكلوفيناك بوتاسيوم**
**Diclofenac Sodium**,**ديكلوفيناك صوديوم**
"**DILTIAZEM HAMA PHARMA (Diltiazem hydrochloride 60 mg, 90 mg, 120 mg, 180 mg) (Tablets)**",**ديلتيازيم هاما فارما (ديلتيازيم هيدروكلوريد ٦٠ ملغ، ٩٠ ملغ، ١٢٠ ملغ، ١٨٠ ملغ) (أقراص)**
**DILTIAZEM HAMA PHARMA**,**ديلتيازيم حماة فارما**
**Diltiazem Hydrochloride**,**ديلتيازيم هيدروكلوريد**
**Dispersible tablets**,**أقراص قابلة للتشتت**
**Distribution: >99% bound to serum proteins**,**التوزيع: أكثر من ٩٩٪ مرتبط ببروتينات المصل**
**Diuretic**,**مدر للبول**
**Diuretics**,**مدرات البول**
**Do not by yourself interrupt the period of treatment prescribed for you**,**لا تقاطع فترة العلاج الموصوفة لك من تلقاء نفسك**
**Do not interrupt the treatment period**,**لا تقاطع فترة العلاج**
**Do not interrupt treatment**,**لا تقاطع فترة العلاج**
**Does not require a cofactor (such as Anti-thrombin III) for activity**,**لا يتطلب عامل مساعد (مثل مضاد الثرومبين III) للنشاط**
**Dosage Adjustment**,**تعديل الجرعة**
**Dosage and Administration**,**الجرعة وطريقة الاستعمال**
**Dosage increases should generally not be made before 2 weeks**,**يجب عدم زيادة الجرعة قبل مرور أسبوعين**
**Dosage Interval**,**فترة الجرعة**
"**Dosage: Adults & children >12 years: 50-100 mg 3-4 times daily (acute pain), 50-100 mg every 4-6 hours (chronic pain), max 400 mg/day**",**الجرعة: البالغون والأطفال >١٢ سنة: ٥٠-١٠٠ ملغ ٣-٤ مرات يوميًا (ألم حاد)، ٥٠-١٠٠ ملغ كل ٤-٦ ساعات (ألم مزمن)، حد أقصى ٤٠٠ ملغ/اليوم**
**Drug dependence and abuse: Reports of these are rare**,**اعتمادية الدواء وسوء الاستخدام: التقارير عنها نادرة**
**Drug Dependence**,**اعتمادية دوائية**
**Drug Interactions**,**التداخلات الدوائية**
"**Drug Interactions: MAO inhibitors, CNS depressants, Carbamazepine, Cimetidine, SSRIs, SNRIs, Tricyclic antidepressants, Coumarin derivatives (warfarin), Ketoconazole, Erythromycin**",**التداخلات الدوائية: مثبطات MAO، مثبطات الجهاز العصبي المركزي، كاربامازيبين، سيميتيدين، مثبطات استرداد السيروتونين الانتقائية (SSRIs)، مثبطات استرداد السيروتونين والنورادرينالين (SNRIs)، مضادات الاكتئاب ثلاثية الحلقات، مشتقات الكومارين (وارفارين)، كيتوكونازول، إريثرومايسين**
**Dry Mouth**,**جفاف الفم**
**Dyslipidemia**,**اضطراب دهني**
**Dysphagia**,**صعوبة البلع**
"**Dysphagia, esophageal dysmotility, aspiration pneumonia**",**صعوبة البلع، اضطراب حركية المريء، التهاب رئوي استشاقي**
**Each capsule contains: Pizotifen (as hydrogen maleate) 0.5 mg**,**يحوي كل كبسولة: بيزوتيفين (على شكل ماليات هيدروجين) ٠.٥ ملغ**
**Each dispersible tablet contains Diclofenac Sodium 50 mg**,**يحوي كل قرص قابل للتشتت ديكلوفيناك صوديوم ٥٠ ملغ**
"**Each film-coated tablet contains Rivaroxaban 2.5, 10, 15 or 20 mg**",**يحوي كل قرص ملبس بالفيلم ريفاروكسبان ٢.٥، ١٠، ١٥ أو ٢٠ ملغ**
**Each film-coated tablet contains: Tramadol Hydrochloride 50 mg**,**يحوي كل قرص ملبس بالفيلم: ترامادول هيدروكلوريد ٥٠ ملغ**
**Each tablet contains 10 mg or 15 mg of aripiprazole**,**يحوي كل قرص على ١٠ ملغ أو ١٥ ملغ من أريبيبرازول**
**Each tablet of Ketotifen Hama Pharma contains: 1 mg Ketotifen (as Hydrogen Fumarate)**,**يحوي كل قرص من كيتوتيفين حماة فارما: ١ ملغ كيتوتيفين (على شكل فومارات هيدروجين)**
**Elimination: Almost completely excreted via kidneys**,**الإطراح: يتم طرحه تقريبًا بالكامل عن طريق الكلى**
**Enalapril Maleate**,**ينالابريل مالات**
**Enzyme Inducer**,**محفز إنزيم**
**Enzyme Inhibitor**,**مثبط إنزيم**
**Erythromycin**,**إريثرومايسين**
**Esomeprazole**,**إيزوميبرازول**
**Esophageal Dysmotility**,**اضطراب حركية المريء**
**Excipients**,**السواغات**
"**Excipients: Magnesium stearate, Microcrystalline cellulose, HPMC, Sodium starch glycolate, Pregelatinized starch, Corn starch, Polysorbate 80, Carnauba wax, Iron oxide yellow, Polyethylene glycol, Titanium dioxide, Lactose**",**السواغات: ستيرات المغنيسيوم، السليلوز البلوري المجهري، HPMC، نشاء الصوديوم غليكولات، نشاء مسبق التجلط، نشاء الذرة، بوليسوربات ٨٠، شمع كارناوبا، أكسيد الحديد الأصفر، بولي إيثيلين غليكول، ثاني أكسيد التيتانيوم، لاكتوز**
"**Excipients: Microcrystalline cellulose, Maize starch, Lactose monohydrate, Magnesium stearate, Iron oxide red**",**السواغات: السليلوز البلوري المجهري، نشاء الذرة، لاكتوز أحادي الماء، ستيرات المغنيسيوم، أكسيد الحديد الأحمر**
**Expectorants**,**طاردات للبلغم**
**FEDROLIDINE (Pseudoephedrine hydrochloride 60 mg + Triprolidine hydrochloride 2.5 mg) (Tablets)**,**فيدروليدين (سودوإيفيدرين هيدروكلوريد ٦٠ ملغ + تريبوليدين هيدروكلوريد ٢.٥ ملغ) (أقراص)**
**FEDROLIDINE**,**فيدروليدين**
"**Feeling of sickness, skin reddening, allergic reactions, shortness of breath, swollen facial features, liver damage**",**شعور بالمرض، احمرار الجلد، ردود فعل تحسسية، ضيق في التنفس، تورم في الوجه، تلف الكبد**
**FEM-RELIEVE (Film-Coated Tablets)**,**فيم-ريليف (أقراص ملبسة بالفيلم)**
**FEM-RELIEVE**,**فيم-ريليف**
**Film-Coated Tablets**,**أقراص ملبسة بالفيلم**
**Flare-up of osteoarthritis**,**تفاقم التهاب المفاصل التنكسية**
"**For 2.5 or 10 mg dose, it is estimated to be 80% to 100% and is not affected by food**",**لجرعة ٢.٥ أو ١٠ ملغ، يقدر ب٨٠٪ إلى ١٠٠٪ ولا يتأثر بالطعام**
"**For 20 mg dose, the absolute bioavailability is approximately 66% in the fasted state**",**لجرعة ٢٠ ملغ، التوافر الحيوي المطلق حوالي ٦٦٪ في حالة الصيام**
"**For patients with creatinine clearance <30 ml/min, the dosage interval should be increased to 12 hours**",**لمرضى تصفية الكرياتينين <٣٠ مل/دقيقة، يجب زيادة فترة الجرعة إلى ١٢ ساعة**
**For the relief of signs and symptoms of osteoarthritis with gastric protection**,**لتخفيف علامات وأعراض التهاب المفاصل التنكسية مع حماية معدية**
**For the treatment of major depressive episodes in adults**,**لعلاج نوبات الاكتئاب الرئيسية عند البالغين**
**Furosemide**,**فوروسمايد**
**Gastric Lavage**,**غسل المعدة**
**Gastric Protection**,**حماية معدية**
**Gastrointestinal Bleeding**,**نزف معدي معوي**
**Gastrointestinal Irritation**,**تهيج الجهاز الهضمي**
**Geriatric Use**,**استخدام للمسنين**
**Gingivitis**,**التهاب اللثة**
**Guaifenesin**,**غوايفينيسين**
**Half-life of clopidogrel is approximately 6 hours. The half-life of the active metabolite is about 30 minutes**,**نصف عمر كلوبيدوغريل حوالي ٦ ساعات. نصف عمر المستقلب الفعال حوالي ٣٠ دقيقة**
**HAMA PHARMA**,**حماة فارما**
**Head Injury**,**إصابة في الرأس**
**Hepatic impairment**,**قصور كبدي / اعتلال كبدي**
"**Hepatic Impairment: Divide dose or extend interval to 12 hours, contraindicated in severe impairment**",**قصور كبدي: قسم الجرعة أو اطلب الفترة إلى ١٢ ساعة، مضاد استطباب في القصور الشديد**
**History of gastrointestinal bleeding or perforation**,**تاريخ من نزف معدي معوي أو انثقاب**
**HPMC (Hydroxypropyl Methylcellulose)**,**هيدروكسيبروبيل ميثيل سيلولوز**
**Hydrochlorothiazide**,**هايدروكلوروثيازيد**
**Hydrochlorthiazide**,**هايدروكلوروثيازيد**
**Hyperglycemia / Diabetes Mellitus**,**فرط سكر الدم / مرض السكري**
**Hyperreflexia**,**فرط المنعكسات**
"**Hypersensitivity to clopidogrel, salicylates or NSAIDs**",**فرط الحساسية لكلوبيدوغريل، الساليسيلات أو مضادات الالتهاب غير الستيرويدية**
**Hypersensitivity to the active substance or to any of the excipients**,**فرط الحساسية للمادة الفعالة أو لأي من السواغات**
**Hypersensitivity to the drug or its components**,**فرط الحساسية للمادة الفعالة أو أي من مكونات الدواء**
**Hypersensitivity**,**فرط الحساسية**
**Hypertension**,**ارتفاع ضغط الدم**
**Hypotension**,**انخفاض ضغط الدم**
"**In severe hepatic impairment, the product is contraindicated**",**في القصور الكبدي الشديد، المنتج مضاد استطباب**
**Increased Intracranial Pressure**,**زيادة ضغط داخل الجمجمة**
**Increased mortality in elderly patients with dementia-related psychosis**,**زيادة معدل الوفيات لدى المرضى المسنين المصابين بذهان مرتبط بالخرف**
**Increased Mortality in Elderly Patients**,**زيادة معدل الوفيات لدى المرضى المسنين**
**Indications**,**استطبابات**
"**Indications: Anti-bacterial, Gingivitis**",**استطبابات: مضاد بكتيري، التهاب اللثة**
**Indications: Central Acting Analgesic**,**استطبابات: مسكن ألم مركزي التأثير**
**Indications: Sleep disorders**,**استطبابات: اضطرابات النوم**
**Indications: Treatment of moderate to severe pain**,**الاستطبابات: علاج الألم المتوسط إلى الشديد**
**Indirectly inhibits platelet aggregation induced by thrombin**,**يثبط بشكل غير مباشر تجمع الصفيحات المحفز بالثرومبين**
**Inhibition of neuronal reuptake of noradrenaline (norepinephrine) and enhancement of serotonin release**,**تثبيط إعادة امتصاص نورادرينالين (نورإبينيفرين) وتعزيز إطلاق السيروتونين**
**Inhibition of prostaglandin biosynthesis**,**تثبيط تخليق البروستاغلاندين**
**Inhibition of the cyclooxygenase enzyme**,**تثبيط إنزيم السيكلوأوكسيجيناز**
**Inhibits free FXa and prothrombinase activity**,**يثبط عامل Xa الحر ونشاط البروثرومبيناز**
**Initial Dose**,**الجرعة الأولية**
**Iron Oxide Yellow/Red**,**أكسيد الحديد الأصفر/الأحمر**
**Irritability associated with autistic disorder**,**التهيج المرتبط باضطراب التوحد**
**its consumption contrary to instructions is dangerous for you**,**استخدامه خلاف التعليمات يعرضك للخطر**
**Keep away from humidity**,**يحفظ بعيدًا عن الرطوبة**
**Keep away from light**,**يحفظ بعيدًا عن الضوء**
**KEEP MEDICAMENTS OUT OF REACH OF CHILDREN**,**يحفظ الدواء بعيدًا عن متناول الأطفال**
**Keep out of reach of children**,**يحفظ بعيدًا عن متناول الأطفال**
**Ketoconazole**,**كيتوكونازول**
**Ketotifen (as Hydrogen Fumarate)**,**كيتوتيفين (على شكل فومارات هيدروجين)**
**KETOTIFEN HAMA PHARMA (Ketotifen 1 mg as Hydrogen Fumarate) (Tablets)**,**كيتوتيفين هاما فارما (كيتوتيفين ١ ملغ على شكل فومارات هيدروجين) (أقراص)**
**KETOTIFEN HAMA PHARMA**,**كيتوتيفين حماة فارما**
**Lactose Monohydrate**,**لاكتوز أحادي الماء**
**Last trimester of pregnancy**,**الثلث الأخير من الحمل**
**Leukopenia**,**نقص الكريات البيضاء**
**Linagliptin**,**ليناغليبتين**
**Liver damage is possible in adults who have taken 10g or more of paracetamol**,**تلف الكبد ممكن لدى البالغين الذين تناولوا ١٠ جرام أو أكثر من الباراسيتامول**
**Loop Diuretics**,**مدرات البول العروية**
**Magnesium Stearate**,**ستيرات المغنيسيوم**
**Maintenance Dose**,**الجرعة الصيانة**
**Maintenance treatment: Periodically reassess to determine the continued need**,**العلاج الصيانى: إعادة تقييم دورية لتحديد الحاجة المستمرة**
**Maize starch**,**نشاء الذرة**
**Major Depressive Disorder**,**اضطراب اكتئابي كبير**
"**Management of overdosage: Activated charcoal, cardiac monitoring, supportive therapy**",**إدارة فرط الجرعة: الفحم المنشط، مراقبة القلب، العلاج الداعم**
"**Management of Overdosage: Maintain airway, cardiovascular function, naloxone for respiratory depression, diazepam for fits, activated charcoal/gastric lavage within 2 hours**",**إدارة فرط الجرعة: الحفاظ على مجرى الهواء، وظائف القلب والأوعية الدموية، نالوكسون لكبت التنفس، ديازيبام للاختلاجات، الفحم المنشط/غسل المعدة خلال ٢ ساعة**
**Manic Episode**,**نوبة هوسية**
**Manufactured by: HAMA PHARMA Hama - Syria**,**تصنيع: حماة فارما - حماة - سوريا**
**MAO Inhibitors (Monoamine Oxidase Inhibitors)**,**مثبطات مونوأمين أوكسيداز**
**MAO Inhibitors**,**مثبطات مونوأمين أوكسيداز**
**Maximum concentrations (Cmax) appear 2 to 4 hours after tablet intake**,**التركيزات القصوى (Cmax) تظهر بعد ٢ إلى ٤ ساعات من تناول القرص**
**Maximum Daily Dose**,**الجرعة اليومية القصوى**
**Mechanism of Action**,**آلية التأثير**
**Medication-Overuse Headache (MOH)**,**صداع ناجم عن إفراط في استخدام المسكنات**
**Metabolic Changes**,**تغيرات استقلابية**
**Metabolism and Elimination: Approximately 25% in urine and 55% in feces**,**الاستقلاب والإطراح: حوالي ٢٥٪ في البول و٥٥٪ في البراز**
**Metabolism**,**الاستقلاب**
**METRONIDAZOLE PLUS HAMA PHARMA**,**مترونيدازول بلس حماة فارما**
**Metronidazole**,**مترونيدازول**
**Microcrystalline Cellulose**,**السليلوز البلوري المجهري**
**Miosis**,**تضييق حدقة العين**
**Mirtazapine**,**ميرتازابين**
**Misoprostol**,**ميزوبروستول**
**Missed Dose**,**جرعة منسية**
**Mixed Agonist/Antagonists**,**ناظم/مضاد مختلط**
**Mixed Episode**,**نوبة مختلطة**
**Monitoring of liver function: Cases of liver injury have been reported**,**مراقبة وظائف الكبد: تم الإبلاغ عن حالات إصابة الكبد**
**More than 90% of tramadol is absorbed after oral administration. The mean absolute bioavailability is approximately 70%**,**يمتص أكثر من ٩٠٪ من ترامادول بعد تناوله عن طريق الفم. المتوسط التوافر الحيوي المطلق حوالي ٧٠٪**
**Nalbuphine**,**نالبوفين**
**Naloxone**,**نالوكسون**
**Naproxen**,**نابروكسين**
**Nasal polyps associated with asthma**,**سلائل أنفية مرتبطة بالربو**
**Nausea and dizziness**,**الغثيان والدوار**
"**Nausea, vomiting, constipation, headache, dizziness, akathisia, anxiety, insomnia**",**غثيان، قيء، إمساك، صداع، دوخة، أكاثيزيا، قلق، أرق**
**Neuroleptic Malignant Syndrome (NMS)**,**متلازمة الخباث الأفيوني (NMS)**
**Neutropenia**,**نقص العدلات**
**NIVOLTIC**,**نيفولتيك**
**No direct effect on platelet aggregation**,**لا تأثير مباشر على تجمع الصفيحات**
**No dosage tapering is needed on treatment discontinuation**,**لا حاجة لتخفيض الجرعة عند التوقف عن العلاج**
"**NODEMENT (Armodafinil 50 mg, 150 mg, 250 mg) (Tablets)**",**نوديمينت (أرمودافينيل ٥٠ ملغ، ١٥٠ ملغ، ٢٥٠ ملغ) (أقراص)**
**NODEMENT**,**نوديمينت**
**Non-articular rheumatism**,**الروماتيزم غير المفصلي**
"**Non-selective pure agonist at mu, delta, and kappa opioid receptors**",**ناظم غير انتقائي للمستقبلات الأفيونية ميو، دلتا، وكابا**
**Non-ST elevation myocardial infarction (NSTEMI)**,**احتشاء عضلة القلب بدون ارتفاع القطعة ST**
"**Non-steroidal compound with anti-rheumatic, anti-inflammatory, analgesic and antipyretic properties**",**مركب غير ستيرويدي ذو خصائص مضادة للروماتيزم، مضادة للالتهاب، مسكنة وخافضة للحرارة**
**NSAIDs (Non-Steroidal Anti-Inflammatory Drugs)**,**مضادات الالتهاب غير الستيرويدية**
**O-desmethyl Derivative**,**مشتق منزوع الميثيل**
**Omeprazole and esomeprazole significantly reduce the antiplatelet activity of clopidogrel**,**أوميبرازول وإيزوميبرازول يقللان بشكل كبير من النشاط المضاد للصفيحات لكلوبيدوغريل**
**Opioid Analgesics**,**مسكنات أفيونية**
**Orthostatic Hypotension**,**انخفاض ضغط الدم الوضعي**
**Osteoarthritis**,**التهاب المفاصل التنكسية**
"**Other active substances known to inhibit CYP3A4, such as ketoconazole and erythromycin, might inhibit the metabolism of tramadol**",**المواد الفعالة الأخرى المعروفة بتثبيط CYP3A4، مثل كيتوكونازول وإريثرومايسين، قد تثبط استقلاب ترامادول**
**Otitis**,**التهاب الأذن الوسطى**
**Overdosage / Overdose**,**فرط الجرعة**
**Overdosage / Toxicity**,**فرط الجرعة / السمية**
**Overdosage Management**,**إدارة فرط الجرعة**
**Overdosage**,**فرط الجرعة**
"**Overdosage: Miosis, vomiting, cardiovascular collapse, sedation, coma, seizures, respiratory depression**",**فرط الجرعة: تضييق حدقة العين، قيء، وهط قلب وعائي، تهدئة، غيبوبة، اختلاجات، كبت التنفس**
**Oxomemazine**,**أوكسوميمازين**
"**Packing: 2 blisters, each contains 10 film-coated tablets**",**التعبئة: علبتان من البليستر، كل منهما يحتوي على ١٠ أقراص ملبسة بالفيلم**
**Painful and/or inflammatory conditions in gynaecology**,**الحالات المؤلمة و/أو الالتهابية في طب النساء**
**Painful syndromes of the vertebral column**,**متلازمات مؤلمة في العمود الفقري**
**Paracetamol / Acetaminophen**,**باراسيتامول**
**Paracetamol**,**باراسيتامول**
**Passes blood-brain and placental barriers**,**يعبر حاجز دم-دماغ وحاجز المشيمة**
**Passes the blood-brain and placental barriers**,**يعبر حاجز دم-دماغ وحاجز المشيمة**
**Patients prone to convulsive disorders. Convulsions have been reported at therapeutic doses**,**المرضى المعرضون لاضطرابات اختلاجية. تم الإبلاغ عن اختلاجات في الجرعات العلاجية**
**Patients who are suffering from gout**,**المرضى الذين يعانون من النقرس**
**Peak Plasma Concentration (Cmax)**,**التركيز الأقصى في البلازما**
**Peak plasma concentration**,**التركيز الأقصى في البلازما**
**Pediatric Use**,**استخدام للأطفال**
**Pediatric: Not recommended for children <12 years**,**الأطفال: غير موصى به للأطفال <١٢ سنة**
**Pentazocine**,**بنتازوسين**
**Peptic Ulcer**,**قرحة هضمية**
**Pharmacodynamics**,**الديناميكا الدوائية**
**Pharmacodynamics: Centrally acting synthetic analgesic compound**,**الديناميكا الدوائية: مركب مسكن اصطناعي مركزي التأثير**
**Pharmacokinetics**,**الحرائك الدوائية**
**Pharyngotonsillitis**,**التهاب البلعوم واللوزتين**
**Pizotifen (as Hydrogen Maleate)**,**بيزوتيفين (على شكل ماليات هيدروجين)**
**Placental Barrier**,**حاجز المشيمة**
**Plasma protein binding of about 20%**,**الارتباط ببروتينات البلازما حوالي ٢٠٪**
**Plasma protein binding of Rivaroxaban is approximately 92% to 95%**,**الارتباط ببروتينات البلازما لريفاروكسبان حوالي ٩٢٪ إلى ٩٥٪**
**Plasma Protein Binding**,**الارتباط ببروتينات البلازما**
**Polyethylene Glycol**,**بولي إيثيلين غليكول**
**Polysorbate 80**,**بوليسوربات ٨٠**
**Post-operative inflammation and pain**,**التهاب وألم ما بعد الجراحة**
**Postural Hypotension**,**انخفاض ضغط الدم الوضعي**
**Potassium-Sparing Diuretics**,**مدرات البول الحافظة للبوتاسيوم**
**Pregelatinized Starch**,**نشاء مسبق التجلط**
**Prescription Only Medicine**,**يصرف بموجب وصفة طبية**
"**Prevention of ischemic events, myocardial infarction, stroke and cardiovascular death in patients with Acute Coronary Syndrome (ACS)**",**الوقاية من الأحداث الإفقارية، احتشاء عضلة القلب، السكتة الدماغية، والوفاة القلبية الوعائية لدى مرضى متلازمة الشريان التاجي الحادة**
**PRICKSAGE (Agomelatine 25mg) (Film-Coated Tablets)**,**بريكسيج (أقراص ملبسة بالفيلم) (أجوميلاتين ٢٥ ملغ)**
**Primary dysmenorrhoea**,**عسر طمث أولي**
**Prophylaxis of Deep Vein Thrombosis following Hip or Knee replacement surgery**,**الوقاية من خثار الوريد العميق بعد جراحة استبدال مفصل الورك أو الركبة**
**Proton Pump Inhibitors**,**مثبطات مضخة البروتون**
**Pseudoephedrine Hydrochloride**,**سودوإيفيدرين هيدروكلوريد**
**Recommended Dose**,**الجرعة الموصى بها**
**Reduction in the risk of recurrence of DVT and PE**,**تقليل خطر تكرر خثار الوريد العميق والانسداد الرئوي**
**Reduction in the risk of stroke and systemic embolism in patients with non-valvular atrial fibrillation**,**تقليل خطر السكتة الدماغية والانسداد الجهازي لدى مرضى الرجفان الأذيني غير الصمامي**
**Reduction of Risk of Major Cardiovascular Events in Chronic Coronary Artery Disease (CAD) or Peripheral Artery Disease (PAD)**,**تقليل خطر الأحداث القلبية الوعائية الكبرى في مرض الشريان التاجي المزمن أو مرض الشريان المحيطي**
**Renal impairment**,**اعتلال كلوي**
"**Renal Impairment: Increase dosage interval to 12 hours if creatinine clearance <30 ml/min, not recommended if <10 ml/min**",**قصور كلوي: زيادة فترة الجرعة إلى ١٢ ساعة إذا كانت تصفية الكرياتينين <٣٠ مل/دقيقة، غير موصى به إذا كانت <١٠ مل/دقيقة**
**Respiratory Depression**,**كبت التنفس**
**Respiratory Diseases**,**أمراض تنفسية**
**Rivaroxaban**,**ريفاروكسبان**
**Room temperature**,**درجة حرارة الغرفة**
**ROVALTRO**,**روفالترو**
**Seizure Threshold**,**عتبة الاختلاج**
**Seizures / Convulsions**,**نوبات صرعية / اختلاجات**
**Selective inhibitor of factor Xa (FXa)**,**مثبط انتقائي لعامل Xa**
"**Serotonin syndrome (confusion, agitation, fever, sweating, ataxia, hyperreflexia, myoclonus, diarrhea)**",**متلازمة السيروتونين (ارتباك، هياج، حمى، تعرق، ترنح، فرط المنعكسات، رمع عضلي، إسهال)**
**Serotonin Syndrome**,**متلازمة السيروتونين**
**Severe cardiac failure**,**فشل قلب شديد**
"**Severe heart failure, hepatic failure, and renal failure**",**فشل قلبي حاد، فشل كبدي، وفشل كلوي**
**Severe Hepatic Impairment**,**قصور كبدي شديد**
**Severe hypersensitivity reactions to the drug or its components**,**ردود فعل تحسسية شديدة تجاه الدواء أو مكوناته**
**Severe Renal Impairment**,**قصور كلوي شديد**
**Severe Respiratory Impairment**,**قصور تنفسي شديد**
**Side Effects / Adverse Reactions**,**الآثار الجانبية / ردود الفعل السلبية**
**Sleep Disorders**,**اضطرابات النوم**
**SNRIs (Serotonin-Norepinephrine Reuptake Inhibitors)**,**مثبطات استرداد السيروتونين والنورادرينالين**
**Sodium Benzoate**,**بنزوات الصوديوم**
**Sodium Starch Glycolate**,**نشاء الصوديوم غليكولات**
**Spiramycin**,**سبيرامايسين**
**Spironolactone**,**سبيرونولاكتون**
**Sprains**,**الالتواء**
**SSRIs (Selective Serotonin Reuptake Inhibitors)**,**مثبطات استرداد السيروتونين الانتقائية**
**ST-segment elevation acute myocardial infarction (STEMI)**,**احتشاء عضلة القلب مع ارتفاع القطعة ST**
**Storage Conditions**,**شروط الحفظ**
"**Storage Conditions: Store at room temperature, 20°-25° C**",**شروط الحفظ: يحفظ في درجة حرارة الغرفة، ٢٠-٢٥ درجة مئوية**
**Store at room temperature**,**يحفظ في درجة حرارة الغرفة**
"**Store at room temperature, 15° - 30° C**",**يحفظ في درجة حرارة الغرفة، ١٥-٣٠ درجة مئوية**
"**Store at room temperature, 20° -25° C**",**يحفظ في درجة حرارة الغرفة، ٢٠-٢٥ درجة مئوية**
"**Store at room temperature, between 15-30° C**",**يحفظ في درجة حرارة الغرفة، بين ١٥-٣٠ درجة مئوية**
**Store away from humidity and direct light**,**يحفظ بعيدًا عن الرطوبة والضوء المباشر**
**Store in a dry place**,**يحفظ في مكان جاف**
**Suicidal Thoughts and Behaviors**,**أفكار وسلوكيات انتحارية**
**Suicidal thoughts**,**أفكار انتحارية**
**Suicidality**,**سلوك انتحاري**
**Sustained-Release Capsules**,**كبسولات ممتدة المفعول**
"**Symptoms include headache, nausea, vomiting, epigastric pain, gastrointestinal bleeding**",**الأعراض تشمل صداع، غثيان، قيء، ألم شرسوفي، نزف معدي معوي**
**Tachycardia**,**تسارع القلب**
"**Tachycardia, hypertension, hypotension, leukopenia, neutropenia**",**خفقان القلب، ارتفاع ضغط الدم، انخفاض ضغط الدم، نقص الكريات البيضاء، نقص العدلات**
**Tardive Dyskinesia**,**خلل الحركة المتأخر**
**Tel.: +963 33 8673941 Fax: +963 33 8673943**,**هاتف: +٩٦٣ ٣٣ ٨٦٧٣٩٤١ فاكس: +٩٦٣ ٣٣ ٨٦٧٣٩٤٣**
**Teratogenicity**,**تسبب التشوهات الجنينية**
**Terminal elimination half-life of Rivaroxaban is 5 to 9 hours**,**نصف عمر الإطراح النهائي لريفاروكسبان هو ٥ إلى ٩ ساعات**
**Tetrahydrocannabinol**,**تتراهيدروكانابينول**
**The dose should be adjusted to the intensity of the pain and the sensitivity of the individual patient**,**يجب تعديل الجرعة حسب شدة الألم وحساسية المريض الفردية**
"**The most commonly reported side-effects are: feeling of sickness, skin reddening, allergic reactions, shortness of breath, swollen facial features, and liver damage**",**كانت ردود الفعل السلبية الأكثر شيوعًا: شعور بالمرض، احمرار الجلد، ردود فعل تحسسية، ضيق في التنفس، تورم في الوجه، وتلف الكبد**
**The recommended dose is one tablet (25 mg) once daily taken orally at bedtime**,**الجرعة الموصى بها هي قرص واحد (٢٥ ملغ) مرة واحدة يوميًا تؤخذ عن طريق الفم قبل النوم**
**Thiazide Diuretics**,**مدرات البول الثيازيدية**
**Third trimester of pregnancy**,**الثلث الثالث من الحمل**
**Titanium Dioxide**,**ثاني أكسيد التيتانيوم**
**Tourette's Disorder**,**اضطراب توريت**
**Tramadol and its metabolites are almost completely excreted via the kidneys**,**يطرح ترامادول ومستقلباته تقريبًا بالكامل عن طريق الكلى**
**TRAMADOL HAMA PHARMA (Film-Coated Tablets) (Tramadol Hydrochloride 50 mg)**,**ترامادول هاما فارما (أقراص ملبسة بالفيلم) (ترامادول هيدروكلوريد ٥٠ ملغ)**
**TRAMADOL HAMA PHARMA**,**ترامادول حماة فارما**
**Tramadol Hydrochloride is a centrally acting synthetic analgesic compound**,**ترامادول هيدروكلوريد هو مسكن اصطناعي مركزي التأثير**
**Tramadol Hydrochloride**,**ترامادول هيدروكلوريد**
**Tramadol should not be combined with MAO inhibitors**,**يجب عدم الجمع بين ترامادول ومثبطات مونوأمين أوكسيداز**
**Treatment of Deep Vein Thrombosis (DVT)**,**علاج خثار الوريد العميق**
**Treatment of moderate to severe pain**,**علاج الألم المتوسط إلى الشديد**
**Treatment of Pulmonary Embolism (PE)**,**علاج الانسداد الرئوي**
**Treatment of schizophrenia**,**علاج الفصام**
**Treatment of Tourette's disorder**,**علاج اضطراب توريت**
"**Tremor, blurred vision, abdominal discomfort, gastrointestinal disorders**",**رعاش، عدم وضوح الرؤية، عدم راحة في البطن، اضطرابات معدية معوية**
**Tricyclic Antidepressants**,**مضادات الاكتئاب ثلاثية الحلقات**
**Triprolidine Hydrochloride**,**تريبوليدين هيدروكلوريد**
**TROMBO STOP**,**ترومبو ستوب**
**ULCER-STOP**,**ألكر-ستوب**
**Unstable angina (UA)**,**ذبحة غير مستقرة**
**Vitamin B1 (Thiamine)**,**فيتامين B1 (ثيامين)**
**Vitamin B12 (Cyanocobalamin)**,**فيتامين B12 (سيانوكوبالامين)**
**Vitamin B6 (Pyridoxine)**,**فيتامين B6 (بيريدوكسين)**
**Vitamin C / Ascorbic Acid**,**فيتامين C / حمض الأسكوربيك**
**VITOREX (Pizotifen 0.5 mg) (Capsules)**,**فيتوركس (بيزوتيفين ٠.٥ ملغ) (كبسولات)**
**Warnings and Precautions**,**تحذيرات واحتياطات**
"**Warnings: Withdrawal symptoms, Drug dependence, Opioid-dependent patients, Convulsive disorders, Respiratory depression**",**التحذيرات: أعراض الانسحاب، الاعتمادية الدوائية، المرضى المعتمدون على الأفيونيات، اضطرابات اختلاجية، كبت التنفس**
**Withdrawal Symptoms**,**أعراض الانسحاب**
**Withdrawal symptoms: At therapeutic doses tramadol has the potential to cause withdrawal symptoms**,**أعراض الانسحاب: في الجرعات العلاجية، قد يسبب ترامادول أعراض انسحاب**
abdominal pain,ألم بطني
absorption,الامتصاص
ace inhibitor,مثبط الإنزيم المحول للأنجيوتنسين
active ingredient,المادة الفعالة
adults,البالغين
adverse drug reaction,تفاعل دوائي ضار
adverse effect,الأثر الضار
adverse effects,الآثار الضارة
Adverse Reactions,التفاعلات الضارة
after meals,بعد الوجبات
Agomelatine,أجوميلاتين
agonist,ناهض
alanine aminotransferase,ألانين أمينوترانسفيراز
allergic reaction,رد فعل تحسسي
allergy,حساسية
allosteric modulator,منظم مثبت
ampoule,أمبولة
analgesic,مسكن
anemia,فقر دم
angina pectoris,ذبحة صدرية
angiotensin receptor blocker,حاصر مستقبلات الأنجيوتنسين
Anhydrous lactose,لاكتوز لامائي
anorexia,فقدان الشهية
antagonist,ضاد
anti-inflammatory,مضاد التهاب
antibiotic,مضاد حيوي
antibiotics,مضادات حيوية
anticoagulant,مضاد تخثر
Anticonvulsant,مضاد للاختلاج
antidepressant,مضاد اكتئاب
antidiabetic,خافض سكر
antidiarrheal,مضاد إسهال
antiemetic,مضاد إقياء
antifungal,مضاد فطريات
antihistamine,مضاد هيستامين
antihypertensive,خافض ضغط
antimalarial,مضاد ملاريا
antiparasitic,مضاد طفيليات
antiplatelet,مضاد صفيحات
antipsychotic,مضاد ذهان
antipyretic,خافض حرارة
antiretroviral,مضاد ارتجاعي
antispasmodic,مضاد تشنج
antitubercular,مضاد سل
antiviral,مضاد فيروسي
anxiolytic,مضاد قلق
appetite,شهية
arrhythmia,اضطراب نظم القلب
arthritis,التهاب المفاصل
as directed,حسب التوجيهات
as directed by physician,حسب توجيهات الطبيب
aspartate aminotransferase,أسبارتات أمينوترانسفيراز
asthma,ربو
at bedtime,قبل النوم
Barbiturate poisoning,التسمم بالباربيتورات
before meals,قبل الوجبات
benzodiazepine,بنزوديازيبين
beta blocker,حاصر بيتا
bilirubin,بيليروبين
binding affinity,ألفة الارتباط
Bioavailability,التوافر الحيوي
biopsy,خزعة
Blisters,أشرطة بليستر
blood count,تعداد الدم
blood urea nitrogen,نيتروجين اليوريا في الدم
bradycardia,بطء نبض القلب
breastfeeding,الإرضاع
bronchitis,التهاب الشعب الهوائية
bronchodilator,موسع قصبات
bronchospasm,تشنج قصبي
buccal,خددي
calcium channel blocker,حاصر قنوات الكالسيوم
Calcium stearate,ستيترات الكالسيوم
capsule,كبسولة
capsules,كبسولات
carcinogenic,مسرطن
carcinogenicity,سرطنة
cardiac arrest,توقف القلب
cardiovascular,قلبي وعائي
Cardiovascular system,الجملة القلبية الوعائية
carton,صندوق كرتون
central nervous system,الجهاز العصبي المركزي
Central nervous system depressant,مثبط للجملة العصبية المركزية
chest pain,ألم صدري
children,الأطفال
chills,قشعريرة
Clinical Pharmacology,الصيدلة السريرية
clinical studies,الدراسات السريرية
clinical trial,تجربة سريرية
CNS Depression,تثبيط الجهاز العصبي المركزي
Colloidal silicon dioxide,ثاني أوكسيد السيليكون الغرويدي
competitive antagonist,ضاد تنافسي
complete blood count,تعداد دم شامل
Composition,التركيب
Composition & Excipients,التركيب والسواغات
Composition & Excipients: Each film-coated tablet contains Agomelatine 25 mg.,التركيب والسواغات: يحوي كل قرص ملبس بالفيلم على: أجوميلاتين ٢٥ ملغ.
composition and excipients,التركيب والسواغات
"COMPOSITION: Each tablet contains: 15 mg, 30 mg, 60 mg or 100 mg of phenobarbital.",التركيب: يحوي كل قرص على: ١٥ أو ٣٠ أو ٦٠ أو ١٠٠ ملغ فينوباربيتال.
computed tomography,تصوير مقطعي محوسب
concomitant use,الاستعمال المتزامن
constipation,إمساك
consult your doctor,استشر طبيبك
contraindicated,مضاد استطباب
contraindicated in pregnancy,مضاد استطباب خلال الحمل
Contraindications,مضادات
Contraindications: Hypersensitivity to the drug or its components.,مضادات الاستطبابات: فرط التحس للمادة الفعالة أو أي من مكونات الدواء.
CONTRAINDICATIONS: Phenobarbital Hama Pharma is contraindicated in patients who are hypersensitive to barbiturates.,مضادات الاستطباب: يجب عدم استخدام فينوباربيتال حماة فارما في المرضى المعروفين بفرط الحساسية للباربيتورات.
Corn starch,نشاء الذرة
corticosteroid,قشري
cough,سعال
cream,كريم
creatinine,كرياتينين
date of revision,تاريخ المراجعة
dermatological,جلدي
diabetes mellitus,داء السكري
diarrhea,إسهال
discontinue treatment,إيقاف العلاج
distribution,التوزع
diuretic,مدر بول
divided doses,جرعات مقسمة
dizziness,دوار
do not use after expiry date,لا تستعمل بعد تاريخ الانتهاء
Dosage,الجرعة
Dosage And Administration,الجرعة وطريقة الاستعمال
Dosage and Administration: The recommended dose is one tablet (25 mg) once daily taken orally at bedtime.,الجرعة وطريقة الاستعمال: الجرعة الموصى بها هي قرص في اليوم (٢٥ ملغ) تؤخذ قبل النوم.
dose-response curve,منحنى الجرعة-الاستجابة
drops,قطرات
drowsiness,نعاس
drug interaction,التداخل الدوائي
Drug Interactions,التداخلات الدوائية
dry mouth,جفاف الفم
Duration of action,مدة التأثير
dyspnea,ضيق تنفس
each tablet contains,يحتوي كل قرص على
ear drops,قطرات أذنية
ed50,الجرعة الفعالة 50
edema,وذمة
effective dose,الجرعة الفعالة
Effects On Ability To Drive,التأثير على القدرة على القيادة
effects on ability to drive and use machines,التأثير على القدرة على القيادة واستخدام الآلات
effervescent tablet,قرص فوار
efficacy,الفاعلية
elderly,المسنين
elderly patients,المرضى المسنين
electrocardiogram,تخطيط قلب كهربائي
electroencephalogram,تخطيط كهربائية الدماغ
embolism,صمات
endocrine,صماء
enteric coated,مغطى معوياً
epidural, فوق الجافية
Excipients,السواغات
"EXCIPIENTS: Calcium stearate, Corn starch, Anhydrous lactose, Magnesium stearate, Colloidal silicon dioxide, Microcrystalline cellulose, Sodium starch glycolate, Sodium docusate, Lactose monohydrate.",السواغات: ستيترات الكالسيوم، نشاء الذرة، لاكتوز لامائي، ستيترات المغنيسيوم، ثاني أوكسيد السيليكون الغرويدي، ميكروكريستالين سللوز، غليكوات النشاء الصودية، صوديوم دوكوسات، لاكتوز مونوهيدرات.
excretion,الإطراح
extended release,إطلاق ممتد
eye drops,قطرات عينية
fatigue,تعب
fertility,خصوبة
fever,حمى
film-coated tablet,قرص ملبس بالفيلم
Film-Coated Tablets,أقراص ملبسة بالفيلم
first pass metabolism,الاستقلاب العابر الأول
gastrointestinal,هضمي
gel,جل
genotoxicity,سمية جينية
glycosuria,بيلة سكرية
h2 receptor antagonist,ضاد مستقبلات H2
half-life,عمر النصف
headache,صداع
healthy volunteers,متطوعين أصحاء
heart failure,قصور القلب
hematological,دموي
hematuria,بيلة دموية
hemorrhage,نزيف
hepatic clearance,المصفاة الكبدية
Hepatic Impairment,الاعتلال الكبدي
hepatitis,التهاب الكبد
hepatobiliary,كبدي مراري
hepatomegaly,تضخم الكبد
histopathology,النسيج المرضي
hour,ساعة
hours,ساعات
hyperglycemia,ارتفاع سكر الدم
Hypersensitive,فرط الحساسية
hypersensitivity,فرط التحسس
hypertension,ارتفاع ضغط الدم
hyperthyroidism,فرط نشاط الدرقية
hypnotic,منوم
hypoglycemia,انخفاض سكر الدم
hypotension,انخفاض ضغط الدم
hypothyroidism,قصور نشاط الدرقية
immediate release,إطلاق فوري
immune system,الجهاز المناعي
immunosuppressant,مثبط مناعي
incompatibilities,عدم التوافق
indicated,مستطب
Indications,الاستطبابات
INDICATIONS: Phenobarbital Hama Pharma is indicated for use as a sedative or anticonvulsant.,الاستطبابات: يستخدم فينوباربيتال حماة فارما كمهدئ أو مضاد للاختلاج.
Indications: PRICKSAGE is used for the treatment of major depressive episodes in adults.,الاستطبابات: يستخدم بريكسيج لمعالجة حوادث الاكتئاب الرئيسي عند البالغين.
infants,الرضع
infusion solution,محلول وريدي
inhalation,استنشاق
inhaler,بخاخ استنشاقي
injection,حقن
injections,حقن
insomnia,أرق
Interactions,التداخلات
intradermal,داخل الجلد
intramuscular,عضلي
intraocular,داخل العين
intrathecal,داخل السحايا
intravenous,وريدي
inverse agonist,ناهض عكسي
itching,حكة
iu,وحدة دولية
jaundice,يرقان
keep out of reach of children,يحفظ بعيداً عن متناول الأطفال
Lactose monohydrate,لاكتوز مونوهيدرات
laxative,ملين
ld50,الجرعة القاتلة 50
lethal dose,الجرعة القاتلة
Lethargy,خمول
leukopenia,قلة كريات الدم البيضاء
ligand,ربيطة
list of excipients,قائمة السواغات
Liver,الكبد
liver function tests,اختبارات وظائف الكبد
Liver injury,إصابة الكبد
loading dose,جرعة تحميل
Long-acting barbiturate,مركب باربيتوري طويل المفعول
lozenge,مصاصة
Magnesium stearate,ستيترات المغنيسيوم
magnetic resonance imaging,تصوير بالرنين المغناطيسي
maintenance dose,الجرعة الصيانة
malaise,توعك
maximum dose,الجرعة القصوى
mcg,ميكروغرام
Mechanism of Action,آلية
Mechanism of action: Agomelatine is a melatonergic agonist (MT1 and MT2 receptors) and 5-HT2C antagonist.,آلية التأثير: أجوميلاتين هو شاد المستقبلات الميلاتونين MT1 و MT2 وضاد المستقبلات 5-HT2C.
"MECHANISM OF ACTION: Phenobarbital, a long-acting barbiturate, is a central nervous system depressant. In ordinary doses, the drug acts as a sedative and anticonvulsant.",آلية التأثير: فينوباربيتال مركب باربيتوري طويل المفعول مثبط للجملة العصبية المركزية. بالجرعات العادية، يعمل فينوباربيتال كمهدئ ومضاد للاختلاج.
metabolism,الاستقلاب
mg,ملغ
mg/day,ملغ/يوم
mg/kg,ملغ/كغ
mg/m2,ملغ/م2
Microcrystalline cellulose,ميكروكريستالين سللوز
migraine,صداع نصفي
minimal effective concentration,أقل تركيز فعال
minute,دقيقة
ml,مل
mmol,ملي مول
Moisture,الرطوبة
Monitoring of liver function: Cases of liver injury have been reported.,رصد وظائف الكبد: حالات إصابة الكبد... وقد تم الإبلاغ عنها.
monoamine oxidase inhibitor,مثبط أكسيداز أحادي الأمين
month,شهر
musculoskeletal,عضلي هيكلي
mutagenic,مطفر
myocardial infarction,احتشاء عضلة القلب
nasal,أنفي
nasal drops,قطرات أنفية
nature and contents of container,طبيعة ومحتويات العبوة
nausea,غثيان
neonates,حديثي الولادة
nephrotoxicity,سمية كلوية
nervous system,الجهاز العصبي
neutropenia,قلة العدلات
No dosage tapering is needed on treatment discontinuation.,لا حاجة لتخفيض الجرعة عند التوقف عن العلاج.
no observed adverse effect level,مستوى عدم التأثير الضار
non-competitive antagonist,ضاد غير تنافسي
not recommended for children,غير موصى به للأطفال
nsaid,مضاد التهاب غير سترويدي
nursing mothers,المرضعات
obstetric,توليدي
ointment,مرهم
once daily,مرة واحدة يومياً
Onset of action,بداية التأثير
ophthalmic,عيني
oral,فموي
oral administration,يعطى عن طريق الفم
osteoarthritis,التهاب المفاصل التنكسي
osteoporosis,هشاشة العظام
otolaryngology,أنف أذن حنجرة
Overdosage,فرط
Overdosage/Toxicity,فرط الجرعة/السمية
overdose,فرط الجرعة
OVERDOSE: The signs and symptoms of barbiturate poisoning are referable especially to the central nervous system and the cardiovascular system.,حالات فرط الجرعة: تتجلى أعراض التسمم بالباربيتورات خاصة في الجملة العصبية المركزية وفي الجملة القلبية الوعائية.
Packaging,التعبئة
paediatric patients,المرضى الأطفال
Paediatric population,الأطفال
palpitations,خفقان
pancreatic,بنكرياسي
partial agonist,ناهض جزئي
patch,لصقة
patients,المرضى
peak plasma concentration,ذروة التركيز البلازمي
Pediatric Population,الأطفال
peripheral nervous system,الجهاز العصبي المحيطي
pharmacodynamics,الديناميكا الدوائية
Pharmacokinetics,الحرائك
Pharmacokinetics: Agomelatine is rapidly and well absorbed after oral administration.,الحرائك الدوائية: يمتص أجوميلاتين بشكل جيد وسريع بعد تناوله عن طريق الفم.
"PHARMACOKINETICS: Its onset of action occurs within 30 minutes, and the duration of action ranges from 5 to 6 hours. It is detoxified in the liver.",الحركية الدوائية: يبدأ عمل فينوباربيتال خلال ٣٠ دقيقة، ويستمر لفترة تتراوح بين ٥ إلى ٦ ساعات. يتم إزالة سميته في الكبد.
Pharmacological Properties,الخصائص الصيدلانية
Phenobarbital,فينوباربيتال
"Phenobarbital 15, 30, 60, 100 mg (TABLETS)",فينوباربيتال ١٥، ٣٠، ٦٠، ١٠٠ ملغ (أقراص)
placebo,دواء وهمي
pneumonia,التهاب الرئة
Posology And Method Of Administration,الجرعة وطريقة الاستعمال
post-marketing surveillance,المراقبة بعد التسويق
potency,فعالية
powder,بودرة
Precautions,الاحتياطات
pregnancy,الحمل
Pregnancy and lactation,الحمل والإرضاع
pregnancy category,فئة الحمل
pregnant women,الحوامل
Presentation,التغليف
"PRESENTATION: 3 Blisters, each contains 10 tablets of Phenobarbital Hama Pharma-15 mg.",التعبئة: ٣ أشرطة، كل شريط يحوي ١٠ أقراص من فينوباربيتال حماة فارما-١٥ ملغ.
PRICKSAGE (Agomelatine 25mg) (Film-Coated Tablets),بريكسيج (أقراص ملبسة بالفيلم) (أجوميلاتين ٢٥ ملغ)
protein binding,الارتباط بالبروتين
proteinuria,بيلة بروتينية
proton pump inhibitor,مثبط مضخة البروتون
rash,طفح جلدي
receptor,مستقبل
recommended dose,الجرعة الموصى بها
rectal,مستقيمي
renal clearance,المصفاة الكلوية
renal failure,قصور كلوي
renal function,وظائف الكلى
renal function tests,اختبارات وظائف الكلى
Renal Impairment,الاعتلال الكلوي
reproductive,تناسلي
respiratory,تنفسي
rheumatoid arthritis,التهاب المفاصل الروماتويدي
Room temperature,درجة حرارة الغرفة
sachet,قروص
safety,السلامة
Sedation,تهدئة
Sedative,مهدئ
seek medical attention,التمس الرعاية الطبية
selective serotonin reuptake inhibitor,مثبط استرداد السيروتونين الانتقائي
serotonin norepinephrine reuptake inhibitor,مثبط استرداد السيروتونين والنورإبينفرين
serum transaminases,ترانس أميناز المصل
shelf life,مدة الصلاحية
shortness of breath,ضيق التنفس
side effect,الأثر الجانبي
Side Effects,الآثار الجانبية
"SIDE EFFECTS: CNS Depression: Sedation, drowsiness, lethargy, and vertigo.",التأثيرات الجانبية: تثبيط الجهاز العصبي المركزي: تهدئة، نعاس، خمول، ودوار.
single dose,جرعة واحدة
Sodium docusate,صوديوم دوكوسات
Sodium starch glycolate,غليكوات النشاء الصودية
solution,محلول
Special Warnings,تحذيرات خاصة
special warnings and precautions for use,التحذيرات والاحتياطات الخاصة للاستعمال
spray,بخاخ
sputum,قشع
statin,ستاتين
steady state,حالة الثبات
Storage,التخزين
"STORAGE: Store at room temperature, between 20°-25°C, away from moisture and light. Keep out of reach of children.",شروط الحفظ: يحفظ في درجة حرارة الغرفة، بين ٢٠°-٢٥°، بعيداً عن الرطوبة والضوء. يحفظ بعيداً عن متناول الأطفال.
store at room temperature,يحفظ في درجة حرارة الغرفة
"Store away from humidity and direct light, in a place of a temperature between 15 -30° C.",شروط الحفظ: يحفظ بعيدا عن الرطوبة والضوء المباشر في مكان لا تتجاوز حرارته ٣٠ درجة.
store below 25 c,يحفظ تحت 25 درجة مئوية
store below 25°c,يحفظ تحت 25 درجة مئوية
subcutaneous,تحت الجلد
sublingual,تحت اللسان
Suicidal thoughts,أفكار انتحارية
suppository,تحاميل
suspension,معلق
sustained release,إطلاق ممتد
swelling,وذمة
syrup,شراب
tablet,قرص
tablets,أقراص
tachycardia,تسارع نبض القلب
teratogenic,مسخ
teratology,علم المسخات
The most common adverse reactions were nausea and dizziness.,كانت ردود الفعل السلبية الأكثر شيوعا الغثيان والدوار.
therapeutic dose,الجرعة العلاجية
therapeutic effect,التأثير العلاجي
therapeutic index,المؤشر العلاجي
therapeutic indications,الاستطبابات العلاجية
therapeutic range,المدى العلاجي
three times daily,ثلاث مرات يومياً
thrombocytopenia,قلة الصفيحات
thrombolytic,حالل تخثر
thrombosis,تخثر
time to peak,الزمن حتى الذروة
tolerability,التحمل
topical,موضعي
toxicity,سمية
transdermal,عبر الجلد
tricyclic antidepressant,مضاد اكتئاب ثلاثي الحلقات
twice daily,مرتين يومياً
ultrasound,تصوير بالأمواج فوق الصوتية
Undesirable Effects,الآثار غير المرغوبة
units,وحدات
urinary,بولي
use in elderly patients,الاستعمال عند المسنين
Use In Paediatric,الاستعمال عند الأطفال
use in paediatric population,الاستعمال عند الأطفال
Use In Pregnancy,الاستعمال خلال الحمل
Vertigo,دوار
vial,قارورة
volume of distribution,حجم التوزع
vomiting,إقياء
Warnings,التحذيرات
week,أسبوع
weight gain,زيادة الوزن
weight loss,فقدان الوزن
with food,مع الطعام
withdrawal symptoms,أعراض الانسحاب
without food,بدون طعام
year,سنة
