en,ar,source
Composition & Excipients,التركيب والسواغات,ABESTOL
Composition,التركيب,ABESTOL
Excipients,السواغات,pricksage_gemini
Clinical Pharmacology,الصيدلة السريرية,ABESTOL
Indications,الاستطبابات,ABESTOL
Contraindications,مضادات الاستطبابات,pricksage_gemini
Dosage And Administration,الجرعة وطريقة الاستعمال,ABESTOL
Dosage,الجرعة,ABESTOL
Side Effects,الآثار الجانبية,ABESTOL
Warnings,التحذيرات,ABESTOL
Precautions,الاحتياطات,ABESTOL
Drug Interactions,التداخلات الدوائية,ABESTOL
Interactions,التداخلات,ABESTOL
Storage,التخزين,ABESTOL
Packaging,التعبئة,ABESTOL
Renal Impairment,الاعتلال الكلوي,ABESTOL
tablets,أقراص,ABESTOL
each tablet contains,يحتوي كل قرص على,ABESTOL
once daily,مرة واحدة يومياً,ABESTOL
store at room temperature,يحفظ في درجة حرارة الغرفة,ABESTOL
hypersensitivity,فرط التحسس,ABESTOL
allergic reaction,رد فعل تحسسي,ABESTOL
nausea,غثيان,ABESTOL
vomiting,إقياء,ABESTOL
diarrhea,إسهال,ABESTOL
constipation,إمساك,ABESTOL
dizziness,دوار,ABESTOL
headache,صداع,ABESTOL
fatigue,تعب,ABESTOL
dry mouth,جفاف الفم,ABESTOL
rash,طفح جلدي,ABESTOL
swelling,وذمة,ABESTOL
hypotension,انخفاض ضغط الدم,ABESTOL
hypertension,ارتفاع ضغط الدم,ABESTOL
tachycardia,تسارع نبض القلب,ABESTOL
bradycardia,بطء نبض القلب,ABESTOL
renal function,وظائف الكلى,ABESTOL
pregnancy,الحمل,ABESTOL
half-life,عمر النصف,ABESTOL
absorption,الامتصاص,ABESTOL
contraindicated,مضاد استطباب,ABESTOL
indicated,مستطب,ABESTOL
maintenance dose,الجرعة الصيانة,ABESTOL
overdose,فرط الجرعة,ABESTOL
safety,السلامة,ABESTOL
concomitant use,الاستعمال المتزامن,ABESTOL
Composition & Excipients,التركيب,ABESTOL
Contraindications,مضادات,ABESTOL
Dosage and Administration,الجرعة,ABESTOL
Side Effects,الآثار,ABESTOL
Overdosage,فرط,ABESTOL
Mechanism of action,آلية التأثير,pricksage_gemini
Overdosage,فرط الجرعة,AGILOMOX
Hepatic Impairment,الاعتلال الكبدي,AGILOMOX
Undesirable Effects,الآثار غير المرغوبة,AGILOMOX
keep out of reach of children,يحفظ بعيداً عن متناول الأطفال,AGILOMOX
drowsiness,نعاس,AGILOMOX
abdominal pain,ألم بطني,AGILOMOX
itching,حكة,AGILOMOX
shortness of breath,ضيق التنفس,AGILOMOX
liver function tests,اختبارات وظائف الكبد,AGILOMOX
breastfeeding,الإرضاع,AGILOMOX
metabolism,الاستقلاب,AGILOMOX
adverse effect,الأثر الضار,AGILOMOX
Pharmacokinetics,الحرائك الدوائية,pricksage_gemini
Adverse Reactions,التفاعلات الضارة,ALOGLIPTIN
Film-Coated Tablets,أقراص ملبسة بالفيلم,pricksage_gemini
without food,بدون طعام,ALOGLIPTIN
excretion,الإطراح,ALOGLIPTIN
distribution,التوزع,ALOGLIPTIN
recommended dose,الجرعة الموصى بها,ALOGLIPTIN
Pharmacokinetics,الحرائك,ALOGLIPTIN
Mechanism of Action,آلية,ALOGLIPTIN
Contraindications,مضادات الاستطباب,ALOGLIPTIN
Special Warnings,تحذيرات خاصة,ANTI-STONE
twice daily,مرتين يومياً,ANTI-STONE
capsules,كبسولات,ANTI-TUSSIVE_HAMA_PHARMA
Presentation,التغليف,ARIPIPRAZOLE_HAMA_PHARMA
insomnia,أرق,ARIPIPRAZOLE_HAMA_PHARMA
elderly patients,المرضى المسنين,ARIPIPRAZOLE_HAMA_PHARMA
placebo,دواء وهمي,ARIPIPRAZOLE_HAMA_PHARMA
efficacy,الفاعلية,ARIPIPRAZOLE_HAMA_PHARMA
oral administration,يعطى عن طريق الفم,ARTHROBYE
active ingredient,المادة الفعالة,ARTHROBYE
Bioavailability,التوافر الحيوي,pricksage_gemini
Pediatric Population,الأطفال,CIPROFLOXACIN_HAMA_PARMA
gel,جل,CIPROFLOXACIN_HAMA_PARMA
solution,محلول,CLOZAPINE_HAMA_PHARMA
chest pain,ألم صدري,CLOZAPINE_HAMA_PHARMA
blood count,تعداد الدم,CLOZAPINE_HAMA_PHARMA
maximum dose,الجرعة القصوى,CLOZAPINE_HAMA_PHARMA
at bedtime,قبل النوم,DICLOFENAC_HAMA_PHARMA
Pregnancy and lactation,الحمل والإرضاع,pricksage_gemini
before meals,قبل الوجبات,FAST-VOL
palpitations,خفقان,FAST-VOL
protein binding,الارتباط بالبروتين,FAST-VOL
drug interaction,التداخل الدوائي,FAST-VOL
with food,مع الطعام,FEDROFEN
as directed,حسب التوجيهات,FERULA
Posology And Method Of Administration,الجرعة وطريقة الاستعمال,FUROLACT
injection,حقن,FUROLACT
three times daily,ثلاث مرات يومياً,GLUCOBYE
consult your doctor,استشر طبيبك,HAMA_PHARMA_C_and_Z
withdrawal symptoms,أعراض الانسحاب,IMPROMOOD_SR
Effects On Ability To Drive,التأثير على القدرة على القيادة,KETOTIFEN_HAMA_PHARMA
Use In Pregnancy,الاستعمال خلال الحمل,METRONIDAZOLE_HAMA_PHARMA
Pharmacological Properties,الخصائص الصيدلانية,MULER
patch,لصقة,MULER
side effect,الأثر الجانبي,NODEMENT
cream,كريم,ORLISTAT_HAMA_PHARMA
paediatric patients,المرضى الأطفال,PLEXADOL
Overdosage/Toxicity,فرط الجرعة/السمية,PRICKSAGE
Use In Paediatric,الاستعمال عند الأطفال,PRICKSAGE
therapeutic effect,التأثير العلاجي,ROVALTRO
after meals,بعد الوجبات,TRIOVITABIN
tolerability,التحمل,VALSABITRIL
store below 25°c,يحفظ تحت 25 درجة مئوية,WELL_FER
PRICKSAGE (Agomelatine 25mg) (Film-Coated Tablets),بريكسيج (أقراص ملبسة بالفيلم) (أجوميلاتين ٢٥ ملغ),pricksage_gemini
Agomelatine,أجوميلاتين,pricksage_gemini
Hepatic impairment,قصور كبدي / اعتلال كبدي,pricksage_gemini
Adverse reactions,ردود الفعل السلبية,pricksage_gemini
Liver injury,إصابة الكبد,pricksage_gemini
Suicidal thoughts,أفكار انتحارية,pricksage_gemini
Paediatric population,الأطفال,pricksage_gemini
Renal impairment,اعتلال كلوي,pricksage_gemini
Overdosage/Toxicity,فرط الجرعة / السمية,pricksage_gemini
**Film-Coated Tablets**,**أقراص ملبسة بالفيلم**,updated_dosage_forms
**Dispersible tablets**,**أقراص قابلة للتشتت**,updated_dosage_forms
**(Council of Arab Health Ministers)**,**(مجلس وزراء الصحة العرب)**,updated_general
**(Arab Pharmacists Association)**,**(اتحاد الصيدليين العرب)**,updated_general
**Agomelatine**,**أجوميلاتين**,medical_terms_extended
**Aripiprazole**,**أريبيبرازول**,medical_terms_extended
**Paracetamol / Acetaminophen**,**باراسيتامول**,medical_terms_extended
**Diclofenac Potassium**,**ديكلوفيناك بوتاسيوم**,medical_terms_extended
**Diclofenac Sodium**,**ديكلوفيناك صوديوم**,medical_terms_extended
**Tramadol Hydrochloride**,**ترامادول هيدروكلوريد**,medical_terms_extended
**Armodafinil**,**أرمودافينيل**,medical_terms_extended
**Clozapine**,**كلوزابين**,medical_terms_extended
**Misoprostol**,**ميزوبروستول**,medical_terms_extended
**Diltiazem Hydrochloride**,**ديلتيازيم هيدروكلوريد**,medical_terms_extended
**Enalapril Maleate**,**ينالابريل مالات**,medical_terms_extended
**Hydrochlorothiazide**,**هايدروكلوروثيازيد**,medical_terms_extended
**Spironolactone**,**سبيرونولاكتون**,medical_terms_extended
**Furosemide**,**فوروسمايد**,medical_terms_extended
**Metronidazole**,**مترونيدازول**,medical_terms_extended
**Spiramycin**,**سبيرامايسين**,medical_terms_extended
**Oxomemazine**,**أوكسوميمازين**,medical_terms_extended
**Guaifenesin**,**غوايفينيسين**,medical_terms_extended
**Pseudoephedrine Hydrochloride**,**سودوإيفيدرين هيدروكلوريد**,medical_terms_extended
**Triprolidine Hydrochloride**,**تريبوليدين هيدروكلوريد**,medical_terms_extended
**Pizotifen (as Hydrogen Maleate)**,**بيزوتيفين (على شكل ماليات هيدروجين)**,medical_terms_extended
**Ketotifen (as Hydrogen Fumarate)**,**كيتوتيفين (على شكل فومارات هيدروجين)**,medical_terms_extended
**Vitamin C / Ascorbic Acid**,**فيتامين C / حمض الأسكوربيك**,medical_terms_extended
**Vitamin B1 (Thiamine)**,**فيتامين B1 (ثيامين)**,medical_terms_extended
**Vitamin B6 (Pyridoxine)**,**فيتامين B6 (بيريدوكسين)**,medical_terms_extended
**Vitamin B12 (Cyanocobalamin)**,**فيتامين B12 (سيانوكوبالامين)**,medical_terms_extended
**Sustained-Release Capsules**,**كبسولات ممتدة المفعول**,medical_terms_extended
**Excipients**,**السواغات**,medical_terms_extended
**Microcrystalline Cellulose**,**السليلوز البلوري المجهري**,medical_terms_extended
**Lactose Monohydrate**,**لاكتوز أحادي الماء**,medical_terms_extended
**Magnesium Stearate**,**ستيرات المغنيسيوم**,medical_terms_extended
**Sodium Starch Glycolate**,**نشاء الصوديوم غليكولات**,medical_terms_extended
**Pregelatinized Starch**,**نشاء مسبق التجلط**,medical_terms_extended
**Corn Starch**,**نشاء الذرة**,medical_terms_extended
**HPMC (Hydroxypropyl Methylcellulose)**,**هيدروكسيبروبيل ميثيل سيلولوز**,medical_terms_extended
**Polysorbate 80**,**بوليسوربات ٨٠**,medical_terms_extended
**Carnauba Wax**,**شمع كارناوبا**,medical_terms_extended
**Iron Oxide Yellow/Red**,**أكسيد الحديد الأصفر/الأحمر**,medical_terms_extended
**Polyethylene Glycol**,**بولي إيثيلين غليكول**,medical_terms_extended
**Titanium Dioxide**,**ثاني أكسيد التيتانيوم**,medical_terms_extended
**Sodium Benzoate**,**بنزوات الصوديوم**,medical_terms_extended
**Mechanism of Action**,**آلية التأثير**,medical_terms_extended
**Pharmacodynamics**,**الديناميكا الدوائية**,medical_terms_extended
**Pharmacokinetics**,**الحرائك الدوائية**,medical_terms_extended
**Absorption**,**الامتصاص**,medical_terms_extended
**Bioavailability**,**التوافر الحيوي**,medical_terms_extended
**Plasma Protein Binding**,**الارتباط ببروتينات البلازما**,medical_terms_extended
**Metabolism**,**الاستقلاب**,medical_terms_extended
**Peak Plasma Concentration (Cmax)**,**التركيز الأقصى في البلازما**,medical_terms_extended
**Area Under Curve (AUC)**,**مساحة تحت المنحنى**,medical_terms_extended
**Blood-Brain Barrier**,**حاجز دم-دماغ**,medical_terms_extended
**Placental Barrier**,**حاجز المشيمة**,medical_terms_extended
**Enzyme Inhibitor**,**مثبط إنزيم**,medical_terms_extended
**Enzyme Inducer**,**محفز إنزيم**,medical_terms_extended
**Active Metabolite**,**مستقلب فعال**,medical_terms_extended
**O-desmethyl Derivative**,**مشتق منزوع الميثيل**,medical_terms_extended
**Indications**,**استطبابات**,medical_terms_extended
**Contraindications**,**مضادات الاستطباب**,medical_terms_extended
**Side Effects / Adverse Reactions**,**الآثار الجانبية / ردود الفعل السلبية**,medical_terms_extended
**Hypersensitivity**,**فرط الحساسية**,medical_terms_extended
**Allergic Reactions**,**ردود فعل تحسسية**,medical_terms_extended
**Anaphylaxis**,**صدمة تحسسية**,medical_terms_extended
**Tachycardia**,**تسارع القلب**,medical_terms_extended
**Bradycardia**,**بطء القلب**,medical_terms_extended
**Hypotension**,**انخفاض ضغط الدم**,medical_terms_extended
**Hypertension**,**ارتفاع ضغط الدم**,medical_terms_extended
**Postural Hypotension**,**انخفاض ضغط الدم الوضعي**,medical_terms_extended
**Cardiovascular Collapse**,**وهط قلب وعائي**,medical_terms_extended
**Respiratory Depression**,**كبت التنفس**,medical_terms_extended
**Seizures / Convulsions**,**نوبات صرعية / اختلاجات**,medical_terms_extended
**Hyperreflexia**,**فرط المنعكسات**,medical_terms_extended
**Dry Mouth**,**جفاف الفم**,medical_terms_extended
**Gastrointestinal Irritation**,**تهيج الجهاز الهضمي**,medical_terms_extended
**Miosis**,**تضييق حدقة العين**,medical_terms_extended
**Serotonin Syndrome**,**متلازمة السيروتونين**,medical_terms_extended
**Withdrawal Symptoms**,**أعراض الانسحاب**,medical_terms_extended
**Drug Dependence**,**اعتمادية دوائية**,medical_terms_extended
**Overdosage / Overdose**,**فرط الجرعة**,medical_terms_extended
**Major Depressive Disorder**,**اضطراب اكتئابي كبير**,medical_terms_extended
**Bipolar Disorder**,**اضطراب ثنائي القطب**,medical_terms_extended
**Manic Episode**,**نوبة هوسية**,medical_terms_extended
**Mixed Episode**,**نوبة مختلطة**,medical_terms_extended
**Autistic Disorder**,**اضطراب التوحد**,medical_terms_extended
**Tourette's Disorder**,**اضطراب توريت**,medical_terms_extended
**Sleep Disorders**,**اضطرابات النوم**,medical_terms_extended
**Osteoarthritis**,**التهاب المفاصل التنكسية**,medical_terms_extended
**Gastric Protection**,**حماية معدية**,medical_terms_extended
**Peptic Ulcer**,**قرحة هضمية**,medical_terms_extended
**Gastrointestinal Bleeding**,**نزف معدي معوي**,medical_terms_extended
**Severe Hepatic Impairment**,**قصور كبدي شديد**,medical_terms_extended
**Severe Renal Impairment**,**قصور كلوي شديد**,medical_terms_extended
**Severe Respiratory Impairment**,**قصور تنفسي شديد**,medical_terms_extended
**Head Injury**,**إصابة في الرأس**,medical_terms_extended
**Increased Intracranial Pressure**,**زيادة ضغط داخل الجمجمة**,medical_terms_extended
**Decreased Level of Consciousness**,**انخفاض مستوى الوعي**,medical_terms_extended
**Coronal Ischemia**,**نقص تروية الشريان التاجي**,medical_terms_extended
**Cerebrovascular Disease**,**أمراض دماغية وعائية**,medical_terms_extended
**Dementia-Related Psychosis**,**ذهان مرتبط بالخرف**,medical_terms_extended
**Suicidal Thoughts and Behaviors**,**أفكار وسلوكيات انتحارية**,medical_terms_extended
**Respiratory Diseases**,**أمراض تنفسية**,medical_terms_extended
**Decongestant**,**مزيل احتقان**,medical_terms_extended
**Gingivitis**,**التهاب اللثة**,medical_terms_extended
**Anti-bacterial**,**مضاد بكتيري**,medical_terms_extended
**Analgesics**,**مسكنات الألم**,medical_terms_extended
**Central Acting Analgesic**,**مسكن ألم مركزي التأثير**,medical_terms_extended
**Opioid Analgesics**,**مسكنات أفيونية**,medical_terms_extended
**NSAIDs (Non-Steroidal Anti-Inflammatory Drugs)**,**مضادات الالتهاب غير الستيرويدية**,medical_terms_extended
**Antipsychotics**,**مضادات الذهان**,medical_terms_extended
**Atypical Antipsychotics**,**مضادات ذهان غير نمطية**,medical_terms_extended
**Antidepressants**,**مضادات الاكتئاب**,medical_terms_extended
**Tricyclic Antidepressants**,**مضادات الاكتئاب ثلاثية الحلقات**,medical_terms_extended
**SSRIs (Selective Serotonin Reuptake Inhibitors)**,**مثبطات استرداد السيروتونين الانتقائية**,medical_terms_extended
**SNRIs (Serotonin-Norepinephrine Reuptake Inhibitors)**,**مثبطات استرداد السيروتونين والنورادرينالين**,medical_terms_extended
**MAO Inhibitors (Monoamine Oxidase Inhibitors)**,**مثبطات مونوأمين أوكسيداز**,medical_terms_extended
**Antihypertensives**,**أدوية خافضة لضغط الدم**,medical_terms_extended
**Diuretics**,**مدرات البول**,medical_terms_extended
**Thiazide Diuretics**,**مدرات البول الثيازيدية**,medical_terms_extended
**Loop Diuretics**,**مدرات البول العروية**,medical_terms_extended
**Potassium-Sparing Diuretics**,**مدرات البول الحافظة للبوتاسيوم**,medical_terms_extended
**ACE Inhibitors (Angiotensin-Converting Enzyme Inhibitors)**,**مثبطات الإنزيم المحول للأنجيوتنسين**,medical_terms_extended
**Calcium Channel Blockers**,**حاصر قنوات الكالسيوم**,medical_terms_extended
**Antibiotics**,**مضادات حيوية**,medical_terms_extended
**Antihistamines**,**مضادات هيستامين**,medical_terms_extended
**Expectorants**,**طاردات للبلغم**,medical_terms_extended
**Decongestants**,**مزيلات الاحتقان**,medical_terms_extended
**Proton Pump Inhibitors**,**مثبطات مضخة البروتون**,medical_terms_extended
**Antioxidants**,**مضادات الأكسدة**,medical_terms_extended
**Increased Mortality in Elderly Patients**,**زيادة معدل الوفيات لدى المرضى المسنين**,medical_terms_extended
**Cerebrovascular Adverse Events**,**أحداث قلبية وعائية سلبية**,medical_terms_extended
**Neuroleptic Malignant Syndrome (NMS)**,**متلازمة الخباث الأفيوني (NMS)**,medical_terms_extended
**Tardive Dyskinesia**,**خلل الحركة المتأخر**,medical_terms_extended
**Metabolic Changes**,**تغيرات استقلابية**,medical_terms_extended
**Hyperglycemia / Diabetes Mellitus**,**فرط سكر الدم / مرض السكري**,medical_terms_extended
**Dyslipidemia**,**اضطراب دهني**,medical_terms_extended
**Body Weight Gain**,**زيادة الوزن**,medical_terms_extended
**Orthostatic Hypotension**,**انخفاض ضغط الدم الوضعي**,medical_terms_extended
**Leukopenia**,**نقص الكريات البيضاء**,medical_terms_extended
**Neutropenia**,**نقص العدلات**,medical_terms_extended
**Agranulocytosis**,**نقص الكريات المحببة**,medical_terms_extended
**Seizure Threshold**,**عتبة الاختلاج**,medical_terms_extended
**Cognitive and Motor Impairment**,**إعاقة معرفية وحركية**,medical_terms_extended
**Body Temperature Regulation**,**تنظيم درجة حرارة الجسم**,medical_terms_extended
**Dysphagia**,**صعوبة البلع**,medical_terms_extended
**Esophageal Dysmotility**,**اضطراب حركية المريء**,medical_terms_extended
**Aspiration Pneumonia**,**التهاب رئوي استشاقي**,medical_terms_extended
**Alcoholics**,**مدمنو الكحول**,medical_terms_extended
**Medication-Overuse Headache (MOH)**,**صداع ناجم عن إفراط في استخدام المسكنات**,medical_terms_extended
**Drug Interactions**,**التداخلات الدوائية**,medical_terms_extended
**MAO Inhibitors**,**مثبطات مونوأمين أوكسيداز**,medical_terms_extended
**CNS Depressants**,**مثبطات الجهاز العصبي المركزي**,medical_terms_extended
**Carbamazepine**,**كاربامازيبين**,medical_terms_extended
**Cimetidine**,**سيميتيدين**,medical_terms_extended
**Buprenorphine**,**بوبرينورفين**,medical_terms_extended
**Nalbuphine**,**نالبوفين**,medical_terms_extended
**Pentazocine**,**بنتازوسين**,medical_terms_extended
**Mixed Agonist/Antagonists**,**ناظم/مضاد مختلط**,medical_terms_extended
**Coumarin Derivatives (Warfarin)**,**مشتقات الكومارين (وارفارين)**,medical_terms_extended
**Ketoconazole**,**كيتوكونازول**,medical_terms_extended
**Erythromycin**,**إريثرومايسين**,medical_terms_extended
**Bupropion**,**بوبروبيون**,medical_terms_extended
**Mirtazapine**,**ميرتازابين**,medical_terms_extended
**Tetrahydrocannabinol**,**تتراهيدروكانابينول**,medical_terms_extended
**Naloxone**,**نالوكسون**,medical_terms_extended
**Diazepam**,**ديازيبام**,medical_terms_extended
**Activated Charcoal**,**الفحم المنشط**,medical_terms_extended
**Gastric Lavage**,**غسل المعدة**,medical_terms_extended
**Pediatric Use**,**استخدام للأطفال**,medical_terms_extended
**Geriatric Use**,**استخدام للمسنين**,medical_terms_extended
**Breast Milk**,**حليب الثدي**,medical_terms_extended
**Teratogenicity**,**تسبب التشوهات الجنينية**,medical_terms_extended
**Dosage and Administration**,**الجرعة وطريقة الاستعمال**,medical_terms_extended
**Recommended Dose**,**الجرعة الموصى بها**,medical_terms_extended
**Initial Dose**,**الجرعة الأولية**,medical_terms_extended
**Maintenance Dose**,**الجرعة الصيانة**,medical_terms_extended
**Maximum Daily Dose**,**الجرعة اليومية القصوى**,medical_terms_extended
**Dosage Adjustment**,**تعديل الجرعة**,medical_terms_extended
**Dosage Interval**,**فترة الجرعة**,medical_terms_extended
**Missed Dose**,**جرعة منسية**,medical_terms_extended
**Overdosage Management**,**إدارة فرط الجرعة**,medical_terms_extended
**Carton Box**,**علبة كرتون**,medical_terms_extended
**Storage Conditions**,**شروط الحفظ**,medical_terms_extended
**Store at room temperature**,**يحفظ في درجة حرارة الغرفة**,medical_terms_extended
**Store in a dry place**,**يحفظ في مكان جاف**,medical_terms_extended
**Keep away from light**,**يحفظ بعيدًا عن الضوء**,medical_terms_extended
**Keep away from humidity**,**يحفظ بعيدًا عن الرطوبة**,medical_terms_extended
**Prescription Only Medicine**,**يصرف بموجب وصفة طبية**,medical_terms_extended
**Do not interrupt treatment**,**لا تقاطع فترة العلاج**,medical_terms_extended
**Council of Arab Health Ministers**,**مجلس وزراء الصحة العرب**,medical_terms_extended
**Arab Pharmacists Association**,**اتحاد الصيدليين العرب**,medical_terms_extended
**CLOZAPINE HAMA PHARMA (Tablets)**,**كلوزابين هاما فارما (أقراص)**,leaflet_content_detailed
**FEM-RELIEVE (Film-Coated Tablets)**,**فيم-ريليف (أقراص ملبسة بالفيلم)**,leaflet_content_detailed
**VITOREX (Pizotifen 0.5 mg) (Capsules)**,**فيتوركس (بيزوتيفين ٠.٥ ملغ) (كبسولات)**,leaflet_content_detailed
**Passes blood-brain and placental barriers**,**يعبر حاجز دم-دماغ وحاجز المشيمة**,leaflet_content_detailed
**Anticoagulant**,**مضاد تخثر**,updated_indications
**Treatment of Pulmonary Embolism (PE)**,**علاج الانسداد الرئوي**,updated_indications
**Unstable angina (UA)**,**ذبحة غير مستقرة**,updated_indications
**Non-ST elevation myocardial infarction (NSTEMI)**,**احتشاء عضلة القلب بدون ارتفاع القطعة ST**,updated_indications
**Post-operative inflammation and pain**,**التهاب وألم ما بعد الجراحة**,updated_indications
**Sprains**,**الالتواء**,updated_indications
**Flare-up of osteoarthritis**,**تفاقم التهاب المفاصل التنكسية**,updated_indications
**Acute attacks of gout**,**نوبات حادة من النقرس**,updated_indications
**Non-articular rheumatism**,**الروماتيزم غير المفصلي**,updated_indications
**Primary dysmenorrhoea**,**عسر طمث أولي**,updated_indications
**Adnexitis**,**التهاب الملحقات**,updated_indications
**Pharyngotonsillitis**,**التهاب البلعوم واللوزتين**,updated_indications
**Otitis**,**التهاب الأذن الوسطى**,updated_indications
"**Anti-bacterial, Gingivitis**",**مضاد بكتيري، التهاب اللثة**,updated_indications
**Antidiabetic**,**مضاد السكري**,updated_indications
"**Cerebrovascular adverse events, including stroke**",**أحداث قلبية وعائية سلبية، بما في ذلك السكتة الدماغية**,warnings
**Decreases thrombin generation**,**يقلل من توليد الثرومبين**,updated_mechanism
**Inhibition of the cyclooxygenase enzyme**,**تثبيط إنزيم السيكلوأوكسيجيناز**,updated_mechanism
**Decreased formation of thromboxane A2**,**انخفاض تكوين الثرومبوكسان A2**,updated_mechanism
**Inhibition of prostaglandin biosynthesis**,**تثبيط تخليق البروستاغلاندين**,updated_mechanism
**PRICKSAGE (Agomelatine 25mg) (Film-Coated Tablets)**,**بريكسيج (أقراص ملبسة بالفيلم) (أجوميلاتين ٢٥ ملغ)**,leaflet_content_basic
**Bioavailability: 87%**,**التوافر الحيوي: ٨٧٪**,leaflet_content_basic
**Treatment of schizophrenia**,**علاج الفصام**,leaflet_content_basic
**Irritability associated with autistic disorder**,**التهيج المرتبط باضطراب التوحد**,leaflet_content_basic
**Treatment of Tourette's disorder**,**علاج اضطراب توريت**,leaflet_content_basic
**Analgesics (for pain relief)**,**مسكنات الألم**,leaflet_content_basic
**Anti-inflammatory**,**مضادات الالتهاب**,leaflet_content_basic
**Diuretic**,**مدر للبول**,leaflet_content_basic
**Antioxidant**,**مضاد للأكسدة**,leaflet_content_basic
**Nausea and dizziness**,**الغثيان والدوار**,leaflet_content_basic
"**Tachycardia, hypertension, hypotension, leukopenia, neutropenia**",**خفقان القلب، ارتفاع ضغط الدم، انخفاض ضغط الدم، نقص الكريات البيضاء، نقص العدلات**,leaflet_content_basic
**Suicidal thoughts and behaviors**,**أفكار انتحارية وسلوكيات**,leaflet_content_basic
"**Dysphagia, esophageal dysmotility, aspiration pneumonia**",**صعوبة البلع، اضطراب حركية المريء، التهاب رئوي استشاقي**,leaflet_content_basic
**Warnings and Precautions**,**تحذيرات واحتياطات**,leaflet_content_basic
**1 tablet 3 times/day**,**قرص واحد ٣ مرات يوميًا**,leaflet_content_basic
**Overdosage / Toxicity**,**فرط الجرعة / السمية**,leaflet_content_basic
**Naproxen**,**نابروكسين**,medical_terms_basic
**Esomeprazole**,**إيزوميبرازول**,medical_terms_basic
**Hydrochlorthiazide**,**هايدروكلوروثيازيد**,medical_terms_basic
**Maize starch**,**نشاء الذرة**,medical_terms_basic
**Peak plasma concentration**,**التركيز الأقصى في البلازما**,medical_terms_basic
**Anaphylaxis**,**الصدمة التحسسية**,medical_terms_basic
**Akathisia**,**أكاثيزيا (اضطراب حركي)**,medical_terms_basic
**Tachycardia**,**خفقان القلب**,medical_terms_basic
**Hepatic impairment**,**قصور كبدي / اعتلال كبدي**,medical_terms_basic
**Renal impairment**,**اعتلال كلوي**,medical_terms_basic
**Cardiovascular disease**,**أمراض قلبية وعائية**,medical_terms_basic
**Depression / Major Depressive Disorder**,**اكتئاب / اضطراب اكتئابي كبير**,medical_terms_basic
**Suicidal thoughts**,**أفكار انتحارية**,medical_terms_basic
**Suicidality**,**سلوك انتحاري**,medical_terms_basic
**Overdosage**,**فرط الجرعة**,medical_terms_basic
**Antihypertensive Drugs**,**أدوية خافضة لضغط الدم**,medical_terms_basic
**Benzodiazepines**,**بنزوديازيبينات**,medical_terms_basic
**Antibacterial**,**مضاد للبكتيريا**,medical_terms_basic
**Central Acting Analgesic**,**مسكن الألم المركزي**,medical_terms_basic
**Room temperature**,**درجة حرارة الغرفة**,medical_terms_basic
**HAMA PHARMA**,**حماة فارما**,drug_names
**TRAMADOL HAMA PHARMA**,**ترامادول حماة فارما**,drug_names
**AGILOMOX**,**أجيلوموكس**,drug_names
**ARIPIPRAZOLE HAMA PHARMA**,**أريبيبرازول حماة فارما**,drug_names
**NIVOLTIC**,**نيفولتيك**,drug_names
**NODEMENT**,**نوديمينت**,drug_names
**METRONIDAZOLE PLUS HAMA PHARMA**,**مترونيدازول بلس حماة فارما**,drug_names
**CLOZAPINE HAMA PHARMA**,**كلوزابين حماة فارما**,drug_names
**FEM-RELIEVE**,**فيم-ريليف**,drug_names
**KETOTIFEN HAMA PHARMA**,**كيتوتيفين حماة فارما**,drug_names
**ULCER-STOP**,**ألكر-ستوب**,drug_names
**DILTIAZEM HAMA PHARMA**,**ديلتيازيم حماة فارما**,drug_names
**ANTI-TUSSIVE**,**مضاد السعال**,drug_names
**FEDROLIDINE**,**فيدروليدين**,drug_names
**ROVALTRO**,**روفالترو**,updated_drug_names
**TROMBO STOP**,**ترومبو ستوب**,updated_drug_names
**Rivaroxaban**,**ريفاروكسبان**,updated_active_ingredients
**Clopidogrel (as Hydrogen Sulphate)**,**كلوبيدوغريل (على شكل كبريتات الهيدروجين)**,updated_active_ingredients
**Paracetamol**,**باراسيتامول**,updated_active_ingredients
**Linagliptin**,**ليناغليبتين**,updated_active_ingredients
Phenobarbital,فينوباربيتال,core_medical_vocabulary
Calcium stearate,ستيترات الكالسيوم,core_medical_vocabulary
Corn starch,نشاء الذرة,core_medical_vocabulary
Anhydrous lactose,لاكتوز لامائي,core_medical_vocabulary
Magnesium stearate,ستيترات المغنيسيوم,core_medical_vocabulary
Colloidal silicon dioxide,ثاني أوكسيد السيليكون الغرويدي,core_medical_vocabulary
Microcrystalline cellulose,ميكروكريستالين سللوز,core_medical_vocabulary
Sodium starch glycolate,غليكوات النشاء الصودية,core_medical_vocabulary
Sodium docusate,صوديوم دوكوسات,core_medical_vocabulary
Lactose monohydrate,لاكتوز مونوهيدرات,core_medical_vocabulary
Long-acting barbiturate,مركب باربيتوري طويل المفعول,core_medical_vocabulary
Central nervous system depressant,مثبط للجملة العصبية المركزية,core_medical_vocabulary
Sedative,مهدئ,core_medical_vocabulary
Anticonvulsant,مضاد للاختلاج,core_medical_vocabulary
Pharmacokinetics,الحركية الدوائية,core_medical_vocabulary
Onset of action,بداية التأثير,core_medical_vocabulary
Duration of action,مدة التأثير,core_medical_vocabulary
Liver,الكبد,core_medical_vocabulary
Hypersensitive,فرط الحساسية,core_medical_vocabulary
Side effects,التأثيرات الجانبية,core_medical_vocabulary
CNS Depression,تثبيط الجهاز العصبي المركزي,core_medical_vocabulary
Sedation,تهدئة,core_medical_vocabulary
Lethargy,خمول,core_medical_vocabulary
Vertigo,دوار,core_medical_vocabulary
Barbiturate poisoning,التسمم بالباربيتورات,core_medical_vocabulary
Cardiovascular system,الجملة القلبية الوعائية,core_medical_vocabulary
Presentation,التعبئة,core_medical_vocabulary
Blisters,أشرطة بليستر,core_medical_vocabulary
Storage,شروط الحفظ,core_medical_vocabulary
Room temperature,درجة حرارة الغرفة,core_medical_vocabulary
Moisture,الرطوبة,core_medical_vocabulary
**Indications: Sleep disorders**,**استطبابات: اضطرابات النوم**,indications
**Indications: Central Acting Analgesic**,**استطبابات: مسكن ألم مركزي التأثير**,indications
"**Indications: Anti-bacterial, Gingivitis**",**استطبابات: مضاد بكتيري، التهاب اللثة**,indications
**Contraindications: Severe hepatic impairment**,**مضادات الاستطباب: قصور كبدي شديد**,indications
**Active pathological bleeding**,**نزف مرضى نشط**,updated_contraindications
**Third trimester of pregnancy**,**الثلث الثالث من الحمل**,updated_contraindications
**Concurrent anticoagulant therapy**,**العلاج المتزامن بمضادات التخثر**,updated_contraindications
**Nasal polyps associated with asthma**,**سلائل أنفية مرتبطة بالربو**,updated_contraindications
**Last trimester of pregnancy**,**الثلث الأخير من الحمل**,updated_contraindications
**Severe cardiac failure**,**فشل قلب شديد**,updated_contraindications
Acetylsalicylic acid,حمض الأسيتيل ساليسيليك,who_essential_medicines
Ibuprofen,إيبوبروفين,who_essential_medicines
Paracetamol,باراسيتامول,who_essential_medicines
Amoxicillin,أموكسيسيلين,who_essential_medicines
Azithromycin,أزيثرومايسين,who_essential_medicines
Ciprofloxacin,سيبروفلوكساسين,who_essential_medicines
Ceftriaxone,سيفترياكسون,who_essential_medicines
Metronidazole,ميترونيدازول,who_essential_medicines
Doxycycline,دوكسي سيكلين,who_essential_medicines
Diclofenac,ديكلوفيناك,who_essential_medicines
Tramadol,ترامادول,who_essential_medicines
Morphine,مورفين,who_essential_medicines
Diazepam,ديازيبام,who_essential_medicines
Lorazepam,لورازيبام,who_essential_medicines
Amlodipine,أملوديبين,who_essential_medicines
Enalapril,إنالابريل,who_essential_medicines
Losartan,لوسارتان,who_essential_medicines
Metformin,ميتفورمين,who_essential_medicines
Insulin,إنسولين,who_essential_medicines
Glibenclamide,غليبنكلاميد,who_essential_medicines
Glimepiride,غليميبيريد,who_essential_medicines
Omeprazole,أوميبرازول,who_essential_medicines
Pantoprazole,بانتوبرازول,who_essential_medicines
Prednisone,بريدنيزون,who_essential_medicines
Prednisolone,بريدنيزولون,who_essential_medicines
Dexamethasone,ديكساميثازون,who_essential_medicines
Hydrocortisone,هيدروكورتيزون,who_essential_medicines
Salbutamol,سالبوتامول,who_essential_medicines
Montelukast,مونتيلوكاست,who_essential_medicines
Cetirizine,سيتيريزين,who_essential_medicines
Loratadine,لوراتادين,who_essential_medicines
Furosemide,فوروسيميد,who_essential_medicines
Spironolactone,سبيرونولاكتون,who_essential_medicines
Warfarin,وارفارين,who_essential_medicines
Heparin,هيبارين,who_essential_medicines
Clopidogrel,كلوبيدوغريل,who_essential_medicines
Atorvastatin,أتورفاستاتين,who_essential_medicines
Simvastatin,سيمفاستاتين,who_essential_medicines
Phenytoin,فينيتوين,who_essential_medicines
Carbamazepine,كاربامازيبين,who_essential_medicines
Valproic acid,حمض الفالبرويك,who_essential_medicines
Clozapine,كلوزابين,who_essential_medicines
Haloperidol,هالوبيريدول,who_essential_medicines
Fluoxetine,فلوكسيتين,who_essential_medicines
Sertraline,سيرترالين,who_essential_medicines
Citalopram,سيتالوبرام,who_essential_medicines
Amitriptyline,أميتريبتيلين,who_essential_medicines
Levothyroxine,ليفوثيروكسين,who_essential_medicines
Alendronic acid,حمض الأليندرونيك,who_essential_medicines
Folic acid,حمض الفوليك,who_essential_medicines
Vitamin B12,فيتامين ب12,who_essential_medicines
Adrenaline,أدرينالين,who_essential_medicines
Atropine,أتروبين,who_essential_medicines
Dopamine,دوبامين,who_essential_medicines
Insulin glargine,إنسولين غلارجين,who_essential_medicines
Metoprolol,ميتوبرولول,who_essential_medicines
Aripiprazole,أريبيبرازول,who_essential_medicines
Olanzapine,أولانزابين,who_essential_medicines
Risperidone,ريسبريدون,who_essential_medicines
Quetiapine,كيتيابين,who_essential_medicines
Lithium carbonate,كربونات الليثيوم,who_essential_medicines
Clonazepam,كلونازيبام,who_essential_medicines
Alprazolam,ألبرازولام,who_essential_medicines
Ketotifen,كيتوتيفين,who_essential_medicines
Sumatriptan,سوماتريبتان,who_essential_medicines
Orlistat,أورليستات,who_essential_medicines
Alogliptin,أالوغليبتين,who_essential_medicines
Nortriptyline,نورتريبتيلين,who_essential_medicines
Agomelatine,أغوميلاتين,who_essential_medicines
Ofloxacin,أوفلوكساسين,who_essential_medicines
Cefotaxime,سيفوتاكسيم,who_essential_medicines
Gentamicin,جنتاميسين,who_essential_medicines
Vancomycin,فانكومايسين,who_essential_medicines
Fluconazole,فلوكونازول,who_essential_medicines
Acyclovir,أسيكلوفير,who_essential_medicines
Oseltamivir,أوسيلتاميفير,who_essential_medicines
Ivermectin,إيفرميكتين,who_essential_medicines
Albendazole,ألبيندازول,who_essential_medicines
Mebendazole,ميبيندازول,who_essential_medicines
Ranitidine,رانيتيدين,who_essential_medicines
Domperidone,دومبيريدون,who_essential_medicines
Ondansetron,أوندانسيترون,who_essential_medicines
Loperamide,لوبراميد,who_essential_medicines
Diltiazem,ديلتيازيم,who_essential_medicines
Nifedipine,نيفيديبين,who_essential_medicines
Captopril,كابتوبريل,who_essential_medicines
Hydrochlorothiazide,هيدروكلوروثيازيد,who_essential_medicines
Digoxin,ديجوكسين,who_essential_medicines
Dobutamine,دوبوتامين,who_essential_medicines
Nitroglycerin,نيتروغليسرين,who_essential_medicines
Enoxaparin,إينوكسابارين,who_essential_medicines
Chlorphenamine,كلورفينامين,who_essential_medicines
Diphenhydramine,ديفينهيدرامين,who_essential_medicines
Ipratropium bromide,بروميد الإبراتروبيوم,who_essential_medicines
Beclometasone,بيكلوميثازون,who_essential_medicines
Budesonide,بوديسونيد,who_essential_medicines
Fluticasone,فلوتيكازون,who_essential_medicines
Sodium cromoglicate,كروموغليكات الصوديوم,who_essential_medicines
Consult your doctor before use.,استشر طبيبك قبل الاستعمال.,curated_medical_phrases
For oral administration only.,للاستعمال الفموي فقط.,curated_medical_phrases
Shake well before use.,يرجّز جيداً قبل الاستعمال.,curated_medical_phrases
Each tablet contains:,كل قرص يحتوي على:,curated_medical_phrases
Dosage form: Film-coated tablet,الشكل الصيدلاني: قرص مغلف بغشاء,curated_medical_phrases
Half-life: approximately 6 hours.,عمر النصف: حوالي 6 ساعات.,curated_medical_phrases
Excreted mainly in urine.,يُفرز بشكل رئيسي في البول.,curated_medical_phrases
Breastfeeding: Not recommended during lactation.,الرضاعة: لا يوصى به أثناء الإرضاع.,curated_medical_phrases
Treatment of essential hypertension.,علاج ارتفاع الضغط الشرياني الأساسي.,curated_medical_phrases
Anti-inflammatory and analgesic.,مضاد للالتهاب ومسكن.,curated_medical_phrases
Sedative and anxiolytic.,مهدئ ومضاد للقلق.,curated_medical_phrases
Antidepressant of the SSRI class.,مضاد اكتئاب من زمرة مثبطات استرداد السيروتونين الانتقائية.,curated_medical_phrases
Antipsychotic medication.,دواء مضاد للذهان.,curated_medical_phrases
Bronchodilator for relief of bronchospasm.,موسع قصبات لتخفيف تشنج القصبات.,curated_medical_phrases
Antiplatelet agent.,عامل مضاد للصفيحات.,curated_medical_phrases
Lipid-lowering agent.,عامل خافض للشحوم.,curated_medical_phrases
Thyroid hormone replacement therapy.,علاج بديل بهرمون الدرقية.,curated_medical_phrases
Topical antifungal cream.,كريم مضاد فطريات موضعي.,curated_medical_phrases
Nasal decongestant.,مزيل احتقان أنفي.,curated_medical_phrases
Cough suppressant.,مضاد سعال.,curated_medical_phrases
Expectorant.,مقشع.,curated_medical_phrases
Laxative for relief of constipation.,ملين لتخفيف الإمساك.,curated_medical_phrases
Antidiarrheal agent.,عامل مضاد للإسهال.,curated_medical_phrases
Oral antidiabetic agent.,عامل خافض للسكر فموي.,curated_medical_phrases
NSAID - Non-steroidal anti-inflammatory drug.,مضاد التهاب غير ستروئيدي.,curated_medical_phrases
Betalactam antibiotic.,مضاد حيوي بيتا لاكتامي.,curated_medical_phrases
Fluoroquinolone antibiotic.,مضاد حيوي فلوروكينولوني.,curated_medical_phrases
Macrolide antibiotic.,مضاد حيوي ماكروليدي.,curated_medical_phrases
Angiotensin converting enzyme inhibitor.,مثبط إنزيم تحويل الأنجيوتنسين.,curated_medical_phrases
Angiotensin II receptor blocker.,حاصر مستقبلات الأنجيوتنسين II.,curated_medical_phrases
Calcium channel blocker.,حاصر قنوات الكالسيوم.,curated_medical_phrases
Beta-adrenergic receptor blocker.,حاصر مستقبلات بيتا الأدرينالية.,curated_medical_phrases
PRICKSAGE (Agomelatine 25mg) (Film-Coated Tablets),بريكسيج (أقراص ملبسة بالفيلم) (أجوميلاتين ٢٥ ملغ),term
"ARIPIPRAZOLE (10 mg, 15 mg) (Tablets)",أريبيبرازول (١٠ ملغ، ١٥ ملغ) (أقراص),term
Mechanism of Action,آلية التأثير,term
Pharmacokinetics,الحرائك الدوائية,term
Bioavailability: 87%,التوافر الحيوي: ٨٧٪,term
Indications,استطبابات,term
Treatment of schizophrenia,علاج الفصام,term
Adjunctive treatment of major depressive disorder,العلاج المساعد لاضطراب الاكتئاب الرئيسي,term
Irritability associated with autistic disorder,التهيج المرتبط باضطراب التوحد,term
Treatment of Tourette's disorder,علاج اضطراب توريت,term
Analgesics (for pain relief),مسكنات الألم,term
Anti-inflammatory,مضادات الالتهاب,term
Diuretic,مدر للبول,term
Antioxidant,مضاد للأكسدة,term
Contraindications,مضادات الاستطباب,term
Active or history of recurrent peptic ulcer/haemorrhage,قرحة هضمية نشطة أو تاريخ من النزف أو الانثقاب المتكرر,term
History of gastrointestinal bleeding or perforation,تاريخ من نزف معدي معوي أو انثقاب,term
Pregnancy,الحمل,term
Side Effects / Adverse Reactions,الآثار الجانبية / ردود الفعل السلبية,term
Nausea and dizziness,الغثيان والدوار,term
"Tremor, blurred vision, abdominal discomfort, gastrointestinal disorders",رعاش، عدم وضوح الرؤية، عدم راحة في البطن، اضطرابات معدية معوية,term
"Tachycardia, hypertension, hypotension, leukopenia, neutropenia",خفقان القلب، ارتفاع ضغط الدم، انخفاض ضغط الدم، نقص الكريات البيضاء، نقص العدلات,term
Suicidal thoughts and behaviors,أفكار انتحارية وسلوكيات,term
"Dysphagia, esophageal dysmotility, aspiration pneumonia",صعوبة البلع، اضطراب حركية المريء، التهاب رئوي استشاقي,term
Warnings and Precautions,تحذيرات واحتياطات,term
"Cerebrovascular adverse events, including stroke",أحداث قلبية وعائية سلبية، بما في ذلك السكتة الدماغية,term
Avoid concomitant use with other NSAIDs,تجنب الاستخدام المتزامن مع مضادات الالتهاب غير الستيرويدية الأخرى,term
Dosage and Administration,الجرعة وطريقة الاستعمال,term
Overdosage / Toxicity,فرط الجرعة / السمية,term
Storage Conditions,شروط الحفظ,term
"Store at room temperature, between 15-30° C",يحفظ في درجة حرارة الغرفة، بين ١٥-٣٠ درجة مئوية,term
Keep out of reach of children,يحفظ بعيدًا عن متناول الأطفال,term
Store in a dry place,يحفظ في مكان جاف,term
Packaging,التعبئة,term
"2 blisters, each contains 10 tablets/carton box",علبتان من البليستر، كل منهما يحتوي على ١٠ أقراص/علبة كرتون,term
Manufactured by: HAMA PHARMA Hama - Syria,تصنيع: هاما فارما - حماة - سوريا,term
Agomelatine,أجوميلاتين,term
Aripiprazole,أريبيبرازول,term
Paracetamol / Acetaminophen,باراسيتامول,term
Diclofenac Potassium,ديكلوفيناك بوتاسيوم,term
Naproxen,نابروكسين,term
Esomeprazole,إيزوميبرازول,term
Tramadol hydrochloride,ترامادول هيدروكلوريد,term
Spironolactone,سبيرونولاكتون,term
Furosemide,فوروسمايد,term
Enalapril maleate,ينالابريل مالات,term
Hydrochlorthiazide,هايدروكلوروثيازيد,term
Metronidazole,مترونيدازول,term
Spiramycin,سبيرامايسين,term
Vitamin C / Ascorbic Acid,فيتامين C / حمض الأسكوربيك,term
Vitamin B1 (Thiamine),فيتامين B1 (ثيامين),term
Vitamin B6 (Pyridoxine),فيتامين B6 (بيريدوكسين),term
Vitamin B12 (Cyanocobalamin),فيتامين B12 (سيانوكوبالامين),term
Zinc,زنك,term
Film-Coated Tablets,أقراص ملبسة بالفيلم,term
Tablets,أقراص,term
Excipients,السواغات,term
Microcrystalline Cellulose,السليلوز البلوري المجهري,term
Lactose monohydrate,لاكتوز أحادي الماء,term
Magnesium stearate,ستيرات المغنيسيوم,term
Maize starch,نشاء الذرة,term
Absorption,الامتصاص,term
Bioavailability,التوافر الحيوي,term
Distribution,التوزيع,term
Metabolism,الاستقلاب,term
Elimination,الإطراح,term
Peak plasma concentration,التركيز الأقصى في البلازما,term
Half-life,نصف عمر,term
Hypersensitivity,فرط الحساسية,term
Allergic reactions,ردود فعل تحسسية,term
Anaphylaxis,الصدمة التحسسية,term
Nausea,غثيان,term
Vomiting,قيء,term
Dizziness,دوار,term
Headache,صداع,term
Constipation,إمساك,term
Diarrhea,إسهال,term
Rash,طفح جلدي,term
Tremor,رعاش,term
Fatigue,إرهاق,term
Insomnia,أرق,term
Somnolence,نعاس,term
Anxiety,قلق,term
Akathisia,أكاثيزيا (اضطراب حركي),term
Hypertension,ارتفاع ضغط الدم,term
Hypotension,انخفاض ضغط الدم,term
Tachycardia,خفقان القلب,term
Bradycardia,بطء القلب,term
Leukopenia,نقص الكريات البيضاء,term
Neutropenia,نقص العدلات,term
Agranulocytosis,نقص الكريات المحببة,term
Hepatic impairment,قصور كبدي / اعتلال كبدي,term
Renal impairment,اعتلال كلوي,term
Cardiovascular disease,أمراض قلبية وعائية,term
Cerebrovascular disease,أمراض دماغية وعائية,term
Dementia,خرف,term
Schizophrenia,فصام,term
Bipolar Disorder,اضطراب ثنائي القطب,term
Depression / Major Depressive Disorder,اكتئاب / اضطراب اكتئابي كبير,term
Manic episode,نوبة هوسية,term
Autistic Disorder,اضطراب التوحد,term
Tourette's Disorder,اضطراب توريت,term
Seizures / Convulsions,نوبات صرعية / اختلاجات,term
Suicidal thoughts,أفكار انتحارية,term
Suicidality,سلوك انتحاري,term
Lactation / Nursing,الإرضاع,term
Pediatric population,الأطفال,term
Geriatric Use,استخدام للمسنين,term
Overdosage,فرط الجرعة,term
Toxicity,السمية,term
Drug Interactions,التداخلات الدوائية,term
CYP3A4 Inhibitors,مثبطات CYP3A4,term
CYP3A4 Inducers,محفزات CYP3A4,term
Antihypertensive Drugs,أدوية خافضة لضغط الدم,term
Benzodiazepines,بنزوديازيبينات,term
Antipsychotics,مضادات الذهان,term
Antidepressants,مضادات الاكتئاب,term
NSAIDs (Non-Steroidal Anti-Inflammatory Drugs),مضادات الالتهاب غير الستيرويدية,term
Analgesics,مسكنات الألم,term
Antibacterial,مضاد للبكتيريا,term
Central Acting Analgesic,مسكن الألم المركزي,term
Blister,بليستر,term
Room temperature,درجة حرارة الغرفة,term
Dry place,مكان جاف,term
Keep away from light,يحفظ بعيدًا عن الضوء,term
Keep away from humidity,يحفظ بعيدًا عن الرطوبة,term
Manufactured by,تصنيع,term
Medicament,دواء,term
Follow strictly the doctor’s prescription,اتباع تعليمات الطبيب بدقة,term
Do not interrupt the treatment period,لا تقاطع فترة العلاج,term
KEEP MEDICAMENTS OUT OF REACH OF CHILDREN,يحفظ الدواء بعيدًا عن متناول الأطفال,term
Worked for 1min 30s,الهدف: إضافة مصطلحات جديدة واستخراج نشرات أدوية إضافية من موقع Hama Pharma.,term
paracetamol-hama-pharma,أحتاج إلى استخراج روابط التنزيل لكل منها. من النمط الذي رأيته سابقًا:,term
METRONIDAZOLE PLUS - Metronidazole + Spiramycin,CLOZAPINE - مضاد ذهان,term
CLOZAPINE HAMA PHARMA (Tablets),كلوزابين هاما فارما (أقراص),term
FEM-RELIEVE (Film-Coated Tablets),فيم-ريليف (أقراص ملبسة بالفيلم),term
VITOREX (Pizotifen 0.5 mg) (Capsules),فيتوركس (بيزوتيفين ٠.٥ ملغ) (كبسولات),term
ULCER-STOP (Misoprostol 200 µg) (Tablets),ألكر-ستوب (ميزوبروستول ٢٠٠ ميكروجرام) (أقراص),term
Pharmacodynamics: Centrally acting synthetic analgesic compound,الديناميكا الدوائية: مركب مسكن اصطناعي مركزي التأثير,term
Plasma protein binding: ~20%,الارتباط ببروتينات البلازما: ≈٢٠٪,term
Metabolism: CYP3A4 and CYP2D6 isoenzymes involved,الاستقلاب: إنزيمات CYP3A4 وCYP2D6 مشاركة,term
Elimination: Almost completely excreted via kidneys,الإطراح: يتم طرحه تقريبًا بالكامل عن طريق الكلى,term
Indications: Treatment of moderate to severe pain,الاستطبابات: علاج الألم المتوسط إلى الشديد,term
Diclofenac Sodium,ديكلوفيناك صوديوم,term
Capsules,كبسولات,term
Sustained-Release Capsules,كبسولات ممتدة المفعول,term
Sodium Starch Glycolate,نشاء الصوديوم غليكولات,term
Pregelatinized Starch,نشاء مسبق التجلط,term
Corn Starch,نشاء الذرة,term
HPMC (Hydroxypropyl Methylcellulose),هيدروكسيبروبيل ميثيل سيلولوز,term
Iron Oxide Yellow/Red,أكسيد الحديد الأصفر/الأحمر,term
Plasma Protein Binding,الارتباط ببروتينات البلازما,term
Peak Plasma Concentration (Cmax),التركيز الأقصى في البلازما,term
Enzyme Inhibitor,مثبط إنزيم,term
Enzyme Inducer,محفز إنزيم,term
Anaphylaxis,صدمة تحسسية,term
Tachycardia,تسارع القلب,term
Postural Hypotension,انخفاض ضغط الدم الوضعي,term
Cardiovascular Collapse,وهط قلب وعائي,term
Respiratory Depression,كبت التنفس,term
Gastrointestinal Irritation,تهيج الجهاز الهضمي,term
Drug Dependence,اعتمادية دوائية,term
Overdosage / Overdose,فرط الجرعة,term
Peptic Ulcer,قرحة هضمية,term
Gastrointestinal Bleeding,نزف معدي معوي,term
Perforation,انثقاب,term
Severe Hepatic Impairment,قصور كبدي شديد,term
Severe Renal Impairment,قصور كلوي شديد,term
Dementia-Related Psychosis,ذهان مرتبط بالخرف,term
Suicidal Thoughts and Behaviors,أفكار وسلوكيات انتحارية,term
Central Acting Analgesic,مسكن ألم مركزي التأثير,term
Opioid Analgesics,مسكنات أفيونية,term
Atypical Antipsychotics,مضادات ذهان غير نمطية,term
Tricyclic Antidepressants,مضادات الاكتئاب ثلاثية الحلقات,term
SSRIs (Selective Serotonin Reuptake Inhibitors),مثبطات استرداد السيروتونين الانتقائية,term
SNRIs (Serotonin-Norepinephrine Reuptake Inhibitors),مثبطات استرداد السيروتونين والنورادرينالين,term
MAO Inhibitors (Monoamine Oxidase Inhibitors),مثبطات مونوأمين أوكسيداز,term
Antihypertensives,أدوية خافضة لضغط الدم,term
Diuretics,مدرات البول,term
Thiazide Diuretics,مدرات البول الثيازيدية,term
Loop Diuretics,مدرات البول العروية,term
Potassium-Sparing Diuretics,مدرات البول الحافظة للبوتاسيوم,term
ACE Inhibitors (Angiotensin-Converting Enzyme Inhibitors),مثبطات الإنزيم المحول للأنجيوتنسين,term
Antibiotics,مضادات حيوية,term
Proton Pump Inhibitors,مثبطات مضخة البروتون,term
Antioxidants,مضادات الأكسدة,term
Cerebrovascular Adverse Events,أحداث قلبية وعائية سلبية,term
Orthostatic Hypotension,انخفاض ضغط الدم الوضعي,term
Seizure Threshold,عتبة الاختلاج,term
Dysphagia,صعوبة البلع,term
Esophageal Dysmotility,اضطراب حركية المريء,term
Aspiration Pneumonia,التهاب رئوي استشاقي,term
Medication-Overuse Headache (MOH),صداع ناجم عن إفراط في استخدام المسكنات,term
MAO Inhibitors,مثبطات مونوأمين أوكسيداز,term
Mixed Agonist/Antagonists,ناظم/مضاد مختلط,term
Activated Charcoal,الفحم المنشط,term
Pediatric Use,استخدام للأطفال,term
Pregnancy Category C,فئة الحمل C,term
Dosage Adjustment,تعديل الجرعة,term
Dosage Interval,فترة الجرعة,term
Overdosage Management,إدارة فرط الجرعة,term
Store at room temperature,يحفظ في درجة حرارة الغرفة,term
Do not interrupt treatment,لا تقاطع فترة العلاج,term
HAMA PHARMA,حماة فارما,term
TRAMADOL HAMA PHARMA,ترامادول حماة فارما,term
AGILOMOX,أجيلوموكس,term
ARIPIPRAZOLE HAMA PHARMA,أريبيبرازول حماة فارما,term
PRICKSAGE,بريكسيج,term
METRONIDAZOLE PLUS HAMA PHARMA,مترونيدازول بلس حماة فارما,term
CLOZAPINE HAMA PHARMA,كلوزابين حماة فارما,term
KETOTIFEN HAMA PHARMA,كيتوتيفين حماة فارما,term
ULCER-STOP,ألكر-ستوب,term
DILTIAZEM HAMA PHARMA,ديلتيازيم حماة فارما,term
Plasma protein binding of about 20%,الارتباط ببروتينات البلازما حوالي ٢٠٪,term
Indications: Treatment of moderate to severe pain,استطبابات: علاج الألم المتوسط إلى الشديد,term
Indications: Sleep disorders,استطبابات: اضطرابات النوم,term
Indications: Central Acting Analgesic,استطبابات: مسكن ألم مركزي التأثير,term
"Indications: Anti-bacterial, Gingivitis",استطبابات: مضاد بكتيري، التهاب اللثة,term
"Contraindications: MAO inhibitors, Severe hepatic/renal/respiratory impairment, Epilepsy",مضادات الاستطباب: مثبطات مونوأمين أوكسيداز، قصور كبدي/كلوي/تنفسي شديد، صرع,term
Contraindications: Severe hepatic impairment,مضادات الاستطباب: قصور كبدي شديد,term
Manufactured by: HAMA PHARMA Hama - Syria,تصنيع: حماة فارما - حماة - سوريا,term
Paracetamol,باراسيتامول,term
Treatment of Deep Vein Thrombosis (DVT),علاج خثار الوريد العميق,term
Treatment of Pulmonary Embolism (PE),علاج الانسداد الرئوي,term
Treatment of moderate to severe pain,علاج الألم المتوسط إلى الشديد,term
Active pathological bleeding,نزف مرضى نشط,term
Third trimester of pregnancy,الثلث الثالث من الحمل,term
Last trimester of pregnancy,الثلث الأخير من الحمل,term
Hepatic failure,فشل كبدي,term
Renal failure,فشل كلوي,term
"Hypersensitivity to clopidogrel, salicylates or NSAIDs",فرط الحساسية لكلوبيدوغريل، الساليسيلات أو مضادات الالتهاب غير الستيرويدية,term
Selective inhibitor of factor Xa (FXa),مثبط انتقائي لعامل Xa,term
Inhibition of the cyclooxygenase enzyme,تثبيط إنزيم السيكلوأوكسيجيناز,term
Inhibition of prostaglandin biosynthesis,تثبيط تخليق البروستاغلاندين,term
Avoid using omeprazole or esomeprazole with clopidogrel,تجنب استخدام أوميبرازول أو إيزوميبرازول مع كلوبيدوغريل,term
Dispersible tablets,أقراص قابلة للتشتت,term
"Store at room temperature, 20° -25° C",يحفظ في درجة حرارة الغرفة، ٢٠-٢٥ درجة مئوية,term
Agilomox,Aripiprazole حماة فارما,term
ARIPIPRAZOLE: 163 Arabic lines found,التركيب و السضواغات: تحوي المضضغوطة الواحدة: اأريبيبرازول,term
TRAMADOL: 136 Arabic lines found,التركيب: يحوي إلقرصس إلملبسس بالفيلم: ترإمادول هيدروكلوريد,term
Drug Classes,"Analgesic → مسكن ألم, NSAID → مضاد التهاب غير ستيروئيدي, Antibiotic → مضاد حيوي, ACE inhibitor → مثبط للخميرة المحولة للأنجيوتنسين",term
Warnings,"Hypersensitivity → فرط الحساسية, Pregnancy → حمل, Renal impairment → قصور كلوي",term
Side Effects,"Nausea → غثيان, Headache → صداع, Rash → طفح جلدي, Liver damage → ضرر الكبد",term
Storage,"Store at room temperature → يحفظ في درجة حرارة الغرفة, Keep out of reach of children → يحفظ بعيدا عن متناول الأطفال",term
"composition, indications, contraindications, etc.",اكتازون آسيا 15 - بيوكليتازن هيدروكلوريد 15 ملغ - دواء مضاد للداء السكري، من فئة الثيازوليدين ديون,term
Isoniazid 100 mg or 300 mg,ايزونازيد ١٠٠ ملغ أو ٣٠٠ ملغ,term
Tuberculosis treatment and prevention,علاج ووقاية مرض السل,term
Rifampicin 150 mg or 300 mg,ريفامبيسين ١٥٠ ملغ أو ٣٠٠ ملغ,term
"Anti-tuberculosis, Antibacterial",مضاد للدرن، مضاد حيوي,term
"Microcrystalline cellulose, Starch, Magnesium stearate, etc.",مسحوق السليلوز، نشا، ستيرات المغنزيوم، إلخ,term
Central acting analgesic,مسكن عمل مركزي,term
Aminoglycoside antibiotic,مضاد حيوي، من الأمينوغليكوزيدات,term
Xanthine oxidase inhibitor,مثبط للكزانتين أوكسيداز,term
Alpha-adrenergic receptor antagonist,مثبط لمستقبلات ألفا الأدرينرجية,term
Film-coated tablets,مضغوطات ملبسة بالفيلم,term
Capsules,كبسول,term
"Injection (IM, IV)",حقن / داخل العضل، داخل الوريد,term
Linagliptin 5 mg + Empagliflozin 10 mg,ليناغلبتين ٥ ملغ + إيمباغليفلوزين ١٠ ملغ,term
DPP-4 inhibitor + SGLT2 inhibitor,مثبط DPP-4 + مثبط الناقل المشترك للغلوكوز والصوديوم,term
Biguanide + SGLT2 inhibitor,بيغوانيد + مثبط الناقل المشترك للغلوكوز والصوديوم,term
Isoniazid 75 mg + Rifampicin 150 mg,ايزونيازيد ٧٥ ملغ + ريفامبيسين ١٥٠ ملغ,term
Analgesic combination,مسكن ألم مركب,term
Topical cream,آسياجينون 20,term
DPP-4 inhibitor,مثبط DPP-4,term
SGLT2 inhibitor,مثبط الناقل المشترك للغلوكوز والصوديوم,term
Water-soluble vitamin,فيتامين منحل بالماء,term
Fenofibrate 145 mg + Simvastatin 20 mg,فينوفيبرإت ١٤٥ ملغ + سيمڤاسستاتين ٢٠ ملغ,term
Simvastatin: HMG-CoA reductase inhibitor,سيمڤاسستاتين: مثبط لأنزيم HMG-CoA ريدكتاز,term
Antihypertensive combination,مزيج خافض لضغط الدم,term
Tablets,مضغوطات,term
"Prostaglandin E1 analogue, inhibits gastric acid secretion",نظير البروستاغلاندين E1، مثبط لإفرازات المعدة الحمضية,term
Protective against NSAID-induced ulcers,واقي من قرح المعدة الناتجة عن مضادات الالتهاب غير الستيروئيدية,term
Anti-ulcer agent,مضاد للقرح,term
Ibuprofen suspension,400 آسيابروفن,term
Paracetamol,أسيتامول 500,term
Paracetamol,أدوية القلب والأوعية,term
Prostaglandin E1 analogue,نظير البروستاغلاندين E1,term
Gastric acid secretion inhibitor,مثبط لإفرازات المعدة الحمضية,term
Beta-2 receptor agonist,ناهض لمستقبلات بيتا 2,term
Phenothiazine antipsychotic,دواء مضاد للذهان، نموذجي، من الفينوثيازينات,term
Topical antibiotic,مضاد حيوي، موضعي,term
Soft gelatin capsule,كبسول جيلاتيني طري,term
Chewable tablets,مضغوطات قابلة للمضغ,term
Enteric-coated tablets,مضغوطات ملبسة معوياً,term
Suspension,معلق,term
"Coenzyme for methionine synthesis, methyl group transfer",عامل مساعد إنزيم تخليق ميثيونين، ينقل مجموعات الميثيل لتجديد الميثيونين من الهيموسيسين,term
"Antioxidant, scavenges free radicals",يقوم بكسح الجذور الحرة المشتقة من الأكسجين، ويمنع أكسدة الدهون,term
"Neuroprotective, Analgesic",وقائي عصبي، مسكن للألم,term
Amitriptyline Hydrochloride 25 mg (sustained release granules),أميتريبتيلين هيدروكلورايد ٢٥ ملغ (على شكل حبيبات مديدة التحرر),term
Depression in adults,االكتئاب لدى البالغين,term
Prophylaxis of chronic tension headache,الوقاية من صداع التوتر المزمن لدى البالغين,term
"Antidepressant, Neuropathic pain agent",مضاد للاكتئاب، مسكن لألم الأعصاب,term
Sustained-release capsules,كبسول مديد التحرر,term
Vitamin D3 (Cholecalciferol) 500 IU,فيتامين د٣ (كوليكالسيفيرول) ٥٠٠ وحدة دولية,term
Vitamin supplement,مكمل فيتاميني,term
Ferrous Fumarate 200 mg (66 mg iron),فومارإت الحديدي ٢٠٠ ملغ (٦٦ ملغ حديد),term
Zinc Sulfate Monohydrate,سسلفات الزنك مونوهيدرإت,term
Cyanocobalamin,سسيانوكوبا'مين,term
Capsules (granules),كبسولات (حبيبات),term
Iron Polysaccharide Complex (151 mg iron),معقد حديد بولي سسكاريد (١٥١ ملغ حديد),term
Folic Acid 5.1 mg,حمض إلفوليك ٥.١ ملغ,term
Cyanocobalamin 52 micrograms,سسيانوكوبا'مين ٥٢ ميكروغرام,term
"Anti-anemia, Vitamin supplement",مضاد لفقر الدم، مكمل فيتاميني,term
Cyproheptadine Hydrochloride 4 mg,سسيبروهيبتادين هيدروكلورإيد ٤ ملغ,term
Vitamin A,فيتامين A,term
Vitamin D,فيتامين D,term
Vitamin B2 (Riboflavin) 5.0 mg,فيتامين B2 (ريبوفلافين) ٥.٠ ملغ,term
"Vitamin supplement, Antihistamine",مكمل فيتاميني، مضاد هيستامين,term
"Antioxidant, free radical scavenger",مضاد أكسدة، كاسح للجذور الحرة,term
"Beta-2 receptor agonist, sustained release",ناهض لمستقبلات بيتا 2، مديد التحرر,term
Vitamin B complex,مجمل فيتامينات B,term
"Antihistamine, Vitamin supplement",مضاد هيستامين، مكمل فيتاميني,term
"Potent antihistamine, H1 receptor antagonist",مضاد قوي للهيستامين (مضاد لمستقبلات H1),term
Inhibits prostaglandin synthesis in CNS,مثبط لتخليق البروستاغلاندين في الجهاز العصبي المركزي,term
"Analgesic, Antihistamine, Antitussive, Decongestant",مسكن ألم، مضاد هيستامين، مضاد للسعال، مزيل احتقان,term
Aminophenol derivative with analgesic and antipyretic activity,مشتق أمينوفينول يمتلك نشاط مسكن ومضاد للحمى,term
Sympathomimetic with direct action on adrenergic receptors,عامل محاكي للودي مع تأثيرات مباشرة على مستقبلات الأدرينالية,term
"Analgesic, Antitussive, Decongestant",مسكن ألم، مضاد للسعال، مزيل احتقان,term
"Analgesic, Antihistamine, Decongestant",مسكن ألم، مضاد هيستامين، مزيل احتقان,term
Paracetamol 500 mg + Pamabrom 25 mg,باراسيتامول ٥٠٠ ملغ + بامابروم ٢٥ ملغ,term
"Analgesic, Diuretic",مسكن ألم، مدر للبول,term
PDE-5 inhibitor,مثبط لأنزيم الفوسفودي استراز-٥,term
"Antispasmodic, Analgesic",مضاد تشنج، مسكن ألم,term
Amoxicillin + Clavulanic Acid (suspension),أوكمنتا 600,term
Benzathine Penicillin (IM injection),بنزاتين بنيسيللين 1.2 مليون,term
Benzathine Penicillin (IM injection),أدوية الجهاز الهضمي,term
Bisacodyl (tablets),بيلاكسين 5,term
"Antihistamine, H1 receptor antagonist",مضاد هيستامين، مضاد لمستقبلات H1,term
"Diuretic, Analgesic combination",مدر للبول، مسكن ألم مركب,term
PRICKSAGE,بريكساج,term
Agomelatine 52 mg,إجوميتين ٥٢ ملغ,term
"Melatonin MT1/MT2 receptor agonist, 5-HT2C receptor antagonist",ناهض لمستقبلات الميلاتونين MT1/MT2، مناهض لمستقبلات 5-HT2C,term
"Antidepressant, Melatonin agonist",مضاد للاكتئاب، ناهض للميلاتونين,term
"Phenobarbital 30 mg, 60 mg, 100 mg",فنوباربيتال ٣٠ ملغ، ٦٠ ملغ، ١٠٠ ملغ,term
"Epilepsy, Seizures",الصرع، النوبات,term
"Sumatriptan 25 mg, 50 mg, 100 mg",سوماتريبتان ٢٥ ملغ، ٥٠ ملغ، ١٠٠ ملغ,term
Selective serotonin 5-HT1D receptor agonist,ناهض انتقائي لمستقبلات السيروتونين 5-HT1D,term
Acute treatment of migraine attacks,علاج حاد لنوبات الصداع النصفي,term
"Antimigraine, 5-HT1 agonist",مضاد للصداع النصفي، ناهض 5-HT1,term
"Diazepam 2 mg, 5 mg, 10 mg",ديازيبام ٢ ملغ، ٥ ملغ، ١٠ ملغ,term
"Benzodiazepine, enhances GABA inhibitory neurotransmission",بنزوديازيبين، يعزز النقل العصبي المثبط لـ GABA,term
"Anxiety, Insomnia, Muscle spasm, Convulsions",قلق، أرق، تشنج عضلي، نوبات,term
"May cause drowsiness, dizziness, confusion",قد يسبب نعاس، دوخة، ارتباك,term
Tablets,مضوغطات,term
Diphenhydramine (syrup),أدوية القلب والأوعية,term
Melatonin MT1/MT2 receptor agonist,ناهض لمستقبلات الميلاتونين MT1/MT2,term
5-HT2C receptor antagonist,مناهض لمستقبلات 5-HT2C,term
Trigeminal nerve inhibitor,مثبط لنشاط العصب الثلاثي التوائم,term
Thiazide diuretic combination,دواء خافض لضغط الدم (اتحاد مركبين خافضين لضغط الدم),term
Antihistamine syrup,شراب مضاد للهيستامين,term
Ofloxacin 200 mg + Ornidazole 500 mg,إوفلوكسساسسين ٢٠٠ ملغ + إورنيدإزول ٥٠٠ ملغ,term
"Antibacterial, Anti-protozoal",مضاد حيوي، مضاد للأوالي,term
Linagliptin 5 mg,ليناغليبتين ٥ ملغ,term
"DPP-4 inhibitor, inhibits dipeptidyl peptidase-4 enzyme",مثبط لأنزيم ثنائي ببتيديل ببتيداز-٤,term
"Antidiabetic, DPP-4 inhibitor",مضاد للداء السكري، مثبط DPP-4,term
Empagliflozin 10 mg or 25 mg,إيمباغليفلوزين ١٠ ملغ أو ٢٥ ملغ,term
"SGLT2 inhibitor, inhibits sodium-glucose cotransporter 2",مثبط للناقل المشترك للصوديوم والجلوكوز ٢ (SGLT2),term
"Antidiabetic, SGLT2 inhibitor",مضاد للداء السكري، مثبط SGLT2,term
Vitamin D2 (Ergocalciferol) injection,كالسيوم 1250 د,term
Calcium Carbonate + Vitamin D3,أدوية القلب والأوعية,term
Fluoroquinolone antibiotic,مضاد حيوي من الكينولونات,term
DPP-4 inhibitor,مثبط لأنزيم ثنائي ببتيديل ببتيداز-٤,term
SGLT2 inhibitor,مثبط للناقل المشترك للصوديوم والجلوكوز ٢,term
Vitamin D2 analogue,مضاهي لفيتامين د,term
Angiotensin II receptor blocker,حاصر لمستقبلات الأنجيوتنسين II,term
ACE inhibitor,مثبط للخميرة (الأنزيم) المحولة للأنجيوتنسين,term
AGILOMOX (Paracetamol 500 mg + Diclofenac Potassium 50 mg) (Tablets),أجيلوموكس (باراسيتامول ٥٠٠ ملغ + ديكلوفيناك بوتاسيوم ٥٠ ملغ) (أقراص),sentence
"Chemical composition: Paracetamol 500 mg, Diclofenac Potassium 50 mg",التركيب الكيميائي: باراسيتامول ٥٠٠ ملغ، ديكلوفيناك بوتاسيوم ٥٠ ملغ,sentence
"Excipients: Microcrystalline cellulose, Maize starch, Lactose monohydrate, Magnesium stearate, Iron oxide red",السواغات: السليلوز البلوري المجهري، نشاء الذرة، لاكتوز أحادي الماء، ستيرات المغنيسيوم، أكسيد الحديد الأحمر,sentence
Agomelatine is a melatonergic agonist (MT1 and MT2 receptors) and 5-HT2C antagonist,أجوميلاتين هو محفز للمستقبلات الميلاتونينية (MT1 و MT2) ومضاد للمستقبلات 5-HT2C,sentence
Diclofenac Potassium is a potent inhibitor of prostaglandin biosynthesis,ديكلوفيناك بوتاسيوم هو مثبط قوي لتخليق البروستاغلاندين,sentence
Aripiprazole exhibits partial agonist activity at D2 and 5-HT1A receptors and antagonist activity at 5-HT2A receptors,أريبيبرازول يُظهر نشاطًا محفزًا جزئيًا للمستقبلات D2 و5-HT1A ونشاطًا مضادًا للمستقبلات 5-HT2A,sentence
"Absorption: Well absorbed after oral administration, with peak plasma concentrations within 3-5 hours",الامتصاص: يمتص بشكل جيد بعد التناول عن طريق الفم، مع وصول التركيز الأقصى في البلازما خلال ٣-٥ ساعات,sentence
Metabolism and Elimination: Approximately 25% in urine and 55% in feces,الاستقلاب والإطراح: حوالي ٢٥٪ في البول و٥٥٪ في البراز,sentence
For the treatment of major depressive episodes in adults,لعلاج نوبات الاكتئاب الرئيسية عند البالغين,sentence
Acute treatment of manic and mixed episodes associated with Bipolar I Disorder,العلاج الحاد للحالات الهوسية والمختلطة المرتبطة باضطراب ثنائي القطب من النوع الأول,sentence
"Severe heart failure, hepatic failure, and renal failure",فشل قلبي حاد، فشل كبدي، وفشل كلوي,sentence
"Nausea, vomiting, constipation, headache, dizziness, akathisia, anxiety, insomnia",غثيان، قيء، إمساك، صداع، دوخة، أكاثيزيا، قلق، أرق,sentence
"Feeling of sickness, skin reddening, allergic reactions, shortness of breath, swollen facial features, liver damage",شعور بالمرض، احمرار الجلد، ردود فعل تحسسية، ضيق في التنفس، تورم في الوجه، تلف الكبد,sentence
Increased mortality in elderly patients with dementia-related psychosis,زيادة معدل الوفيات لدى المرضى المسنين المصابين بذهان مرتبط بالخرف,sentence
Close medical surveillance is imperative in patients with symptoms indicative of gastrointestinal disorders,المراقبة الطبية الدقة ضرورية للمرضى الذين تظهر عليهم أعراض اضطرابات معدية معوية,sentence
Dosage increases should generally not be made before 2 weeks,يجب عدم زيادة الجرعة قبل مرور أسبوعين,sentence
Maintenance treatment: Periodically reassess to determine the continued need,العلاج الصيانى: إعادة تقييم دورية لتحديد الحاجة المستمرة,sentence
No dosage tapering is needed on treatment discontinuation,لا حاجة لتخفيض الجرعة عند التوقف عن العلاج,sentence
Liver damage is possible in adults who have taken 10g or more of paracetamol,تلف الكبد ممكن لدى البالغين الذين تناولوا ١٠ جرام أو أكثر من الباراسيتامول,sentence
"Symptoms include headache, nausea, vomiting, epigastric pain, gastrointestinal bleeding",الأعراض تشمل صداع، غثيان، قيء، ألم شرسوفي، نزف معدي معوي,sentence
"Management of overdosage: Activated charcoal, cardiac monitoring, supportive therapy",إدارة فرط الجرعة: الفحم المنشط، مراقبة القلب، العلاج الداعم,sentence
This is a medicament,هذا دواء,sentence
"Tramadol, Nivoltic, Nodement, Metronidazole Plus, Clozapine, Fem-Relieve, Vitorex, Ketotifen, Ulcer-Stop, Diltiazem, Anti-Tussive, Fedrolidine, Aripiprazole, Agilomox, Paracetamol",(مستخرج من 15 نشرة دوائية من هاما فارما),sentence
TRAMADOL HAMA PHARMA (Film-Coated Tablets) (Tramadol Hydrochloride 50 mg),ترامادول هاما فارما (أقراص ملبسة بالفيلم) (ترامادول هيدروكلوريد ٥٠ ملغ),sentence
"NODEMENT (Armodafinil 50 mg, 150 mg, 250 mg) (Tablets)",نوديمينت (أرمودافينيل ٥٠ ملغ، ١٥٠ ملغ، ٢٥٠ ملغ) (أقراص),sentence
KETOTIFEN HAMA PHARMA (Ketotifen 1 mg as Hydrogen Fumarate) (Tablets),كيتوتيفين هاما فارما (كيتوتيفين ١ ملغ على شكل فومارات هيدروجين) (أقراص),sentence
"DILTIAZEM HAMA PHARMA (Diltiazem hydrochloride 60 mg, 90 mg, 120 mg, 180 mg) (Tablets)",ديلتيازيم هاما فارما (ديلتيازيم هيدروكلوريد ٦٠ ملغ، ٩٠ ملغ، ١٢٠ ملغ، ١٨٠ ملغ) (أقراص),sentence
ANTI-TUSSIVE (Oxomemazine 1.65 mg + Paracetamol 33.3 mg + Sodium benzoate 33.3 mg + Guaifenesin 33.3 mg),مضاد السعال (أوكسوميمازين ١.٦٥ ملغ + باراسيتامول ٣٣.٣ ملغ + بنزوات الصوديوم ٣٣.٣ ملغ + غوايفينيسين ٣٣.٣ ملغ),sentence
FEDROLIDINE (Pseudoephedrine hydrochloride 60 mg + Triprolidine hydrochloride 2.5 mg) (Tablets),فيدروليدين (سودوإيفيدرين هيدروكلوريد ٦٠ ملغ + تريبوليدين هيدروكلوريد ٢.٥ ملغ) (أقراص),sentence
"Excipients: Magnesium stearate, Microcrystalline cellulose, HPMC, Sodium starch glycolate, Pregelatinized starch, Corn starch, Polysorbate 80, Carnauba wax, Iron oxide yellow, Polyethylene glycol, Titanium dioxide, Lactose",السواغات: ستيرات المغنيسيوم، السليلوز البلوري المجهري، HPMC، نشاء الصوديوم غليكولات، نشاء مسبق التجلط، نشاء الذرة، بوليسوربات ٨٠، شمع كارناوبا، أكسيد الحديد الأصفر، بولي إيثيلين غليكول، ثاني أكسيد التيتانيوم، لاكتوز,sentence
"Non-selective pure agonist at mu, delta, and kappa opioid receptors",ناظم غير انتقائي للمستقبلات الأفيونية ميو، دلتا، وكابا,sentence
Inhibition of neuronal reuptake of noradrenaline (norepinephrine) and enhancement of serotonin release,تثبيط إعادة امتصاص نورادرينالين (نورإبينيفرين) وتعزيز إطلاق السيروتونين,sentence
"Contraindications: Hypersensitivity, Acute intoxication with CNS depressants, MAO inhibitors, Severe hepatic/renal/respiratory impairment, Epilepsy, Breastfeeding (long-term)",مضادات الاستطباب: فرط الحساسية، التسمم الحاد بمثبطات الجهاز العصبي المركزي، مثبطات مونوأمين أوكسيداز، قصور كبدي/كلوي/تنفسي شديد، صرع، الإرضاع (طويل الأمد),sentence
"Warnings: Withdrawal symptoms, Drug dependence, Opioid-dependent patients, Convulsive disorders, Respiratory depression",التحذيرات: أعراض الانسحاب، الاعتمادية الدوائية، المرضى المعتمدون على الأفيونيات، اضطرابات اختلاجية، كبت التنفس,sentence
"Drug Interactions: MAO inhibitors, CNS depressants, Carbamazepine, Cimetidine, SSRIs, SNRIs, Tricyclic antidepressants, Coumarin derivatives (warfarin), Ketoconazole, Erythromycin",التداخلات الدوائية: مثبطات MAO، مثبطات الجهاز العصبي المركزي، كاربامازيبين، سيميتيدين، مثبطات استرداد السيروتونين الانتقائية (SSRIs)، مثبطات استرداد السيروتونين والنورادرينالين (SNRIs)، مضادات الاكتئاب ثلاثية الحلقات، مشتقات الكومارين (وارفارين)، كيتوكونازول، إريثرومايسين,sentence
"Serotonin syndrome (confusion, agitation, fever, sweating, ataxia, hyperreflexia, myoclonus, diarrhea)",متلازمة السيروتونين (ارتباك، هياج، حمى، تعرق، ترنح، فرط المنعكسات، رمع عضلي، إسهال),sentence
"Pregnancy & Lactation: Crosses placenta, ~0.1% secreted in breast milk",الحمل والإرضاع: يعبر المشيمة، ≈٠.١٪ يفرز في حليب الثدي,sentence
"Adverse Reactions: Palpitation, tachycardia, hypotension, dizziness, headache, somnolence, nausea, vomiting, constipation, dry mouth, diarrhea, sweating, pruritus, rash, urticaria, fatigue",الآثار الجانبية: خفقان، تسارع القلب، انخفاض ضغط الدم، دوخة، صداع، نعاس، غثيان، قيء، إمساك، جفاف الفم، إسهال، تعرق، حكة، طفح جلدي، شرى، إرهاق,sentence
"Overdosage: Miosis, vomiting, cardiovascular collapse, sedation, coma, seizures, respiratory depression",فرط الجرعة: تضييق حدقة العين، قيء، وهط قلب وعائي، تهدئة، غيبوبة، اختلاجات، كبت التنفس,sentence
"Hepatic Impairment: Divide dose or extend interval to 12 hours, contraindicated in severe impairment",قصور كبدي: قسم الجرعة أو اطلب الفترة إلى ١٢ ساعة، مضاد استطباب في القصور الشديد,sentence
Each capsule contains: Pizotifen (as hydrogen maleate) 0.5 mg,يحوي كل كبسولة: بيزوتيفين (على شكل ماليات هيدروجين) ٠.٥ ملغ,sentence
Composition: Paracetamol 500 mg + Diclofenac Potassium 50 mg,التركيب: باراسيتامول ٥٠٠ ملغ + ديكلوفيناك بوتاسيوم ٥٠ ملغ,sentence
Tramadol Hydrochloride is a centrally acting synthetic analgesic compound,ترامادول هيدروكلوريد هو مسكن اصطناعي مركزي التأثير,sentence
More than 90% of tramadol is absorbed after oral administration. The mean absolute bioavailability is approximately 70%,يمتص أكثر من ٩٠٪ من ترامادول بعد تناوله عن طريق الفم. المتوسط التوافر الحيوي المطلق حوالي ٧٠٪,sentence
Tramadol and its metabolites are almost completely excreted via the kidneys,يطرح ترامادول ومستقلباته تقريبًا بالكامل عن طريق الكلى,sentence
Contraindications: Hypersensitivity to the active substance or any of the other ingredients,مضادات الاستطباب: فرط الحساسية للمادة الفعالة أو أي من المكونات الأخرى,sentence
Contraindications: Acute intoxication with central nervous system depressants,مضادات الاستطباب: التسمم الحاد بمثبطات الجهاز العصبي المركزي,sentence
"Adverse reactions: Palpitation, tachycardia, hypotension, dizziness, headache, somnolence, nausea, vomiting, constipation, dry mouth",الآثار الجانبية: خفقان، تسارع القلب، انخفاض ضغط الدم، دوخة، صداع، نعاس، غثيان، قيء، إمساك، جفاف الفم,sentence
"Adverse reactions: Diarrhea, sweating, pruritus, rash, urticaria, fatigue",الآثار الجانبية: إسهال، تعرق، حكة، طفح جلدي، شرى، إرهاق,sentence
"Adverse reactions: Cardiovascular regulation (palpitation, tachycardia, postural hypotension or cardiovascular collapse)",الآثار الجانبية: تنظيم القلب والأوعية (خفقان، تسارع القلب، انخفاض ضغط الدم الوضعي أو وهط قلب وعائي),sentence
"Adverse reactions: Gastrointestinal irritation (a feeling of pressure in the stomach, bloating)",الآثار الجانبية: تهيج الجهاز الهضمي (شعور بالضغط في المعدة، انتفاخ),sentence
"The most commonly reported side-effects are: feeling of sickness, skin reddening, allergic reactions, shortness of breath, swollen facial features, and liver damage",كانت ردود الفعل السلبية الأكثر شيوعًا: شعور بالمرض، احمرار الجلد، ردود فعل تحسسية، ضيق في التنفس، تورم في الوجه، وتلف الكبد,sentence
Care should be taken and the risk/benefit of treatment determined prior to administration,يجب توخي الحذر وتحديد المخاطر/فوائد العلاج قبل إعطاء الدواء,sentence
Withdrawal symptoms: At therapeutic doses tramadol has the potential to cause withdrawal symptoms,أعراض الانسحاب: في الجرعات العلاجية، قد يسبب ترامادول أعراض انسحاب,sentence
Drug dependence and abuse: Reports of these are rare,اعتمادية الدواء وسوء الاستخدام: التقارير عنها نادرة,sentence
Patients prone to convulsive disorders. Convulsions have been reported at therapeutic doses,المرضى المعرضون لاضطرابات اختلاجية. تم الإبلاغ عن اختلاجات في الجرعات العلاجية,sentence
Tramadol should not be combined with MAO inhibitors,يجب عدم الجمع بين ترامادول ومثبطات مونوأمين أوكسيداز,sentence
Concomitant administration of Tramadol with other centrally depressant medicinal products including alcohol may potentiate the CNS effects,الإعطاء المتزامن لترامادول مع منتجات طبية مثبطة للجهاز العصبي المركزي بما في ذلك الكحول قد يزيد من آثار الجهاز العصبي المركزي,sentence
Caution should be exercised during concomitant treatment with tramadol and coumarin derivatives (e.g. warfarin),يجب توخي الحذر أثناء العلاج المتزامن بترامادول ومشتقات الكومارين (مثل وارفارين),sentence
"Other active substances known to inhibit CYP3A4, such as ketoconazole and erythromycin, might inhibit the metabolism of tramadol",المواد الفعالة الأخرى المعروفة بتثبيط CYP3A4، مثل كيتوكونازول وإريثرومايسين، قد تثبط استقلاب ترامادول,sentence
Adults and children over 12 years: 50-100 mg 3-4 times daily,البالغون والأطفال فوق ١٢ سنة: ٥٠-١٠٠ ملغ ٣-٤ مرات يوميًا,sentence
A total daily dose of 400 mg should not be exceeded,يجب عدم تجاوز الجرعة اليومية الإجمالية ٤٠٠ ملغ,sentence
"In severe hepatic impairment, the product is contraindicated",في القصور الكبدي الشديد، المنتج مضاد استطباب,sentence
"Packing: 2 blisters, each contains 10 film-coated tablets",التعبئة: علبتان من البليستر، كل منهما يحتوي على ١٠ أقراص ملبسة بالفيلم,sentence
"Storage Conditions: Store at room temperature, 20°-25° C",شروط الحفظ: يحفظ في درجة حرارة الغرفة، ٢٠-٢٥ درجة مئوية,sentence
"A medicament is a product which affects your health, and its consumption contrary to instructions is dangerous for you",الدواء منتج يؤثر على صحتك، واستخدامه خلاف التعليمات يعرضك للخطر,sentence
Do not by yourself interrupt the period of treatment prescribed for you,لا تقاطع فترة العلاج الموصوفة لك من تلقاء نفسك,sentence
Reduction in the risk of stroke and systemic embolism in patients with non-valvular atrial fibrillation,تقليل خطر السكتة الدماغية والانسداد الجهازي لدى مرضى الرجفان الأذيني غير الصمامي,sentence
Reduction of Risk of Major Cardiovascular Events in Chronic Coronary Artery Disease (CAD) or Peripheral Artery Disease (PAD),تقليل خطر الأحداث القلبية الوعائية الكبرى في مرض الشريان التاجي المزمن أو مرض الشريان المحيطي,sentence
"Prevention of ischemic events, myocardial infarction, stroke and cardiovascular death in patients with Acute Coronary Syndrome (ACS)",الوقاية من الأحداث الإفقارية، احتشاء عضلة القلب، السكتة الدماغية، والوفاة القلبية الوعائية لدى مرضى متلازمة الشريان التاجي الحادة,sentence
Active peptic ulceration or past history of ulceration or dyspepsia,قرحة هضمية نشطة أو تاريخ سابق من القرحة أو عسر الهضم,sentence
"Active gastric or intestinal ulcer, bleeding or perforation",قرحة معدية أو معوية نشطة، نزف أو انثقاب,sentence
Hypersensitivity to the active substance or to any of the excipients,فرط الحساسية للمادة الفعالة أو لأي من السواغات,sentence
"Non-steroidal compound with anti-rheumatic, anti-inflammatory, analgesic and antipyretic properties",مركب غير ستيرويدي ذو خصائص مضادة للروماتيزم، مضادة للالتهاب، مسكنة وخافضة للحرارة,sentence
Absorption: The absolute bioavailability of Rivaroxaban is dose-dependent,الامتصاص: التوافر الحيوي المطلق لريفاروكسبان يعتمد على الجرعة,sentence
"For 2.5 or 10 mg dose, it is estimated to be 80% to 100% and is not affected by food",لجرعة ٢.٥ أو ١٠ ملغ، يقدر ب٨٠٪ إلى ١٠٠٪ ولا يتأثر بالطعام,sentence
"For 20 mg dose, the absolute bioavailability is approximately 66% in the fasted state",لجرعة ٢٠ ملغ، التوافر الحيوي المطلق حوالي ٦٦٪ في حالة الصيام,sentence
Coadministration with food increases the bioavailability (mean AUC and Cmax increasing by 39% and 76%),الإعطاء المتزامن مع الطعام يزيد التوافر الحيوي (متوسط AUC وCmax يزدادان بنسبة ٣٩٪ و٧٦٪),sentence
Plasma protein binding of Rivaroxaban is approximately 92% to 95%,الارتباط ببروتينات البلازما لريفاروكسبان حوالي ٩٢٪ إلى ٩٥٪,sentence
66% of the dose was recovered in urine (36% as unchanged drug) and 7% in feces,تم استعادة ٦٦٪ من الجرعة في البول (٣٦٪ على شكل دواء غير متغير) و٧٪ في البراز,sentence
Terminal elimination half-life of Rivaroxaban is 5 to 9 hours,نصف عمر الإطراح النهائي لريفاروكسبان هو ٥ إلى ٩ ساعات,sentence
Clopidogrel is rapidly absorbed. Absorption is at least 50%,يمتص كلوبيدوغريل بسرعة. الامتصاص لا يقل عن ٥٠٪,sentence
Half-life of clopidogrel is approximately 6 hours. The half-life of the active metabolite is about 30 minutes,نصف عمر كلوبيدوغريل حوالي ٦ ساعات. نصف عمر المستقلب الفعال حوالي ٣٠ دقيقة,sentence
Absorption of diclofenac from Fast-Vol sets in immediately after administration,يبدأ امتصاص ديكلوفيناك من فاست فول فورًا بعد الإعطاء,sentence
Bioavailability of diclofenac is 82% of that achieved with gastro-resistant tablets,التوافر الحيوي لديكلوفيناك هو ٨٢٪ من ذلك الذي يتم تحقيقه مع الأقراص المقاومة للمعدة,sentence
"99.7% of diclofenac is bound to serum proteins, mainly to albumin",ترتبط ٩٩.٧٪ من ديكلوفيناك ببروتينات المصل، خاصة الألبومين,sentence
Avoid concomitant use of Rivaroxaban with combined P-gp and strong CYP3A4 inhibitors,تجنب الاستخدام المتزامن لريفاروكسبان مع مثبطات P-gp القوية وCYP3A4,sentence
Avoid concomitant use of Rivaroxaban with drugs that are combined P-gp and strong CYP3A4 inducers,تجنب الاستخدام المتزامن لريفاروكسبان مع الأدوية التي هي مثبطات P-gp القوية ومحفزات CYP3A4,sentence
"Concomitant administration of enoxaparin, warfarin, aspirin, clopidogrel and chronic NSAID use may increase the risk of bleeding",الإعطاء المتزامن لإينوكسابارين، وارفارين، أسبرين، كلوبيدوغريل واستخدام مزمن لمضادات الالتهاب غير الستيرويدية قد يزيد خطر النزف,sentence
Risk of Bleeding: Rivaroxaban increases the risk of bleeding and can cause serious or fatal bleeding,خطر النزف: يزيد ريفاروكسبان من خطر النزف وقد يسبب نزفًا خطيرًا أو قاتلًا,sentence
"Thienopyridines, including clopidogrel, increase the risk of bleeding",الثيونوبيريدينات، بما في ذلك كلوبيدوغريل، تزيد من خطر النزف,sentence
Caution in patients with established cardiovascular disease or uncontrolled hypertension,الحذر لدى المرضى الذين يعانون من مرض قلب وعائي مؤكد أو ارتفاع ضغط الدم غير المسيطر عليه,sentence
Clopidogrel (as Hydrogen Sulphate) 75 mg / Aspirin 75 mg,كلوبيدوغريل (على شكل كبريتات الهيدروجين) ٧٥ ملغ / أسبرين ٧٥ ملغ,sentence
A medicament is a product which affects your health,الدواء منتج يؤثر على صحتك,sentence
Tramadol Hydrochloride 37.5 mg + Paracetamol 325 mg,ترامادول هيدروكلوريد ٣٧.٥ ملغ + باراسيتامول ٣٢٥ ملغ,sentence
Tramadol Hydrochloride 75 mg + Paracetamol 650 mg,ترامادول هيدروكلوريد ٧٥ ملغ + باراسيتامول ٦٥٠ ملغ,sentence
Metformin HCl 500 mg + Empagliflozin 5 mg,ميتفورمين هيدروكلوريد ٥٠٠ ملغ + إيمباغليفلوزين ٥ ملغ,sentence
Metformin HCl 500 mg + Empagliflozin 12.5 mg,ميتفورمين هيدروكلوريد ٥٠٠ ملغ + إيمباغليفلوزين ١٢.٥ ملغ,sentence
Tramadol HCl 37.5 mg + Paracetamol 325 mg,ترامادول هيدروكلوريد ٣٧.٥ ملغ + باراسيتامول ٣٢٥ ملغ,sentence
Tramadol HCl 75 mg + Paracetamol 650 mg,ترامادول هيدروكلوريد ٧٥ ملغ + باراسيتامول ٦٥٠ ملغ,sentence
VITEOCTIN: Cyproheptadine Hydrochloride 4 mg + Vitamin A,Cyproheptadine Hydrochloride (سسيبروهيبتادين هيدروكلورإيد) 4 mg,sentence
Pregabalin 57 mg + Mecobalamin 57.0 mg + Alpha Lipoic Acid 100 mg,بريغابالين ٥٧ ملغ + ميكوبامين ٥٧ ملغ + ألفا ليبوئيك أسيد ١٠٠ ملغ,sentence
"Iron deficiency, Vitamin B12 deficiency, Folic acid deficiency",نقص الحديد، نقص فيتامين B12، نقص حمض الفوليك,sentence
Paracetamol 523 mg + Chlorpheniramine Maleate 2 mg + Dextromethorphan Hydrobromide 0.1 mg + Phenylephrine Hydrochloride 5 mg,باراسيتامول ٥٢٣ ملغ + كلورفينيرإمين ماليات ٢ ملغ + ديكسستروميتورفان هيدروبروميد ٠.١ ملغ + فينيل إيفرين هيدروكلورإيد ٥ ملغ,sentence
"Temporary relief of cold and flu symptoms: headache, fever, rhinitis, nasal congestion",تخفيف مؤقت لأعراض البرد والإنفلونزا: صداع، حمى، التهاب الأنف، احتقان الأنف,sentence
Paracetamol + Dextromethorphan Hydrobromide + Phenylephrine Hydrochloride 523/0.1/5 mg,باراسيتامول + ديكسستروميتورفان هيدروبروميد + فينيل إيفرين هيدروكلوريد ٥٢٣/٠.١/٥ ملغ,sentence
Chlorpheniramine Maleate 4 mg + Ibuprofen 200 mg + Phenylephrine Hydrochloride 1 mg,كلورفينيرإمين ماليات ٤ ملغ + إيبوبروفين ٢٠٠ ملغ + فينيل إيفرين هيدروكلوريد ١ ملغ,sentence
Severe liver damage may occur if more than 4000 mg in 24 hours,قد يحدث تلف الكبد الشديد إذا تم تناول أكثر من ٤٠٠٠ ملغ في ٢٤ ساعة,sentence
Hyoscine N-Butyl Bromide 0.1 mg + Paracetamol 400 mg,هايوسسين ن-بوتيل برومايد ٠.١ ملغ + باراسيتامول ٤٠٠ ملغ,sentence
30 to 210 mg daily in 2-3 divided doses,٣٠ إلى ٢١٠ ملغ يومياً موزعة على جرعتين أو ثلاث جرعات,sentence
6 mg/kg body weight in 3 divided doses,٦ ملغ/كغ من وزن الجسم موزعة على ثلاث جرعات,sentence
"Fluoroquinolone antibiotic, inhibits bacterial topoisomerase IV and DNA gyrase",مضاد حيوي من الكينولونات، مثبط لأنزيمات البكتيرية توبوإيزوميراز IV,sentence
"Reduces renal glucose reabsorption, increases urinary glucose excretion",يقلل امتصاص الجلوكوز من الترشح الكلوي، يزيد إفراز الجلوكوز في البول,sentence
Linagliptin 5 mg + Empagliflozin 10 mg,ليناغلبتين ٥ ملغ + إيمباغليفلوزينفلوزين ١٠ ملغ,hama_pharma
Fenofibrate 145 mg + Simvastatin 20 mg,فينوفبرات ١٤٥ ملغ + سيمڤاسستاتين ٢٠ ملغ,hama_pharma
Agomelatine 52 mg,أجوميلاتين ٥٢ ملغ,hama_pharma
Ofloxacin 200 mg + Ornidazole 500 mg,أوفلوكساسين ٢٠٠ ملغ + أورنيدازول ٥٠٠ ملغ,hama_pharma
Empagliflozin 10 mg or 25 mg,إيمباغليفلوزينفلوزين ١٠ ملغ أو ٢٥ ملغ,hama_pharma
